Armor,Mass,Reverse_Engineering_Level,named_component
352.3,1879.9,3,GALLOFREE MARK II STARFIGHTER ARMOR 
725.3,4651.0,5,SUBPRO LIGHT PLASTISTEEL ARMOR 
1211.8,12843.9,7,KOENSAYR THICK ADVANCED DURASTEEL 
1375.3,12482.4,7,KOENSAYR THICK ADVANCED DURASTEEL 
707.0,35301.2,8,KOENSAYR LIMITED SUPREME DURASTEEL 
1518.7,35786.2,9,KOENSAYR ELITE PLASTISTEEL 
1442.5,28589.6,9,KOENSAYR ELITE PLASTISTEEL 
1142.1,20656.7,8,MANDALMOTORS REINFORCED ADVANCED COMPOSITE 
1737.1,34211.2,10,MON CALAMARI ADVANCED WEAVE 
1089.8,42310.0,10,MON CALAMARI SUPREME WEAVE 
1316.5,32169.4,9,SOROSUUB ENHANCED ADVANCED PLASTISTEEL 
434.1,3352.3,4,CORELLIAN ENGINEERING CORP. STANDARD DURASTEEL PLATING 
181.3,745.1,1,KOENSAYR B9 DURASTEEL ARMOR 
253.4,1942.3,2,SOROSUUB IMPROVED LIGHT PLASTISTEEL ARMOR 
207.7,1369.1,2,FREITEK INC. DELUXE LIGHT DURASTEEL 
119.0,695.4,1,MON CALAMARI LIGHT DURASTEEL WEAVE 
160.3,950.8,1,INCOM LIGHT STARSHIP PLATING 
176.8,1520.7,2,SOROSUUB IMPROVED LIGHT PLASTISTEEL ARMOR 
374.3,2467.3,3,SUBPRO IMPROVED LIGHT PLASTISTEEL 
499.6,3370.1,4,INCOM MODIFIED STANDARD PLATE 
613.6,6109.0,5,SOROSUUB HEAVY PLASTISTEEL 
1323.8,20715.1,8,KOENSAYR SPECIAL SUPREME DURASTEEL 
450.4,1725.0,3,KOENSAYR STANDARD DURASTEEL PLATING 
1485.1,24812.8,10,MANDALMOTORS ENHANCED ELITE COMPOSITE 
214.3,834.1,1,INCOM LIGHT STARSHIP PLATING 
342.4,1931.1,3,INCOM STANDARD PLATING 
383.8,2153.5,3,FREITEK ES-4 DURASTEEL ARMOR 
275.1,3293.0,4,ALDERAAN ROYAL WEAVE ARMOR 
182.0,1079.4,1,GALLOFREE MARK I STARFIGHTER ARMOR 
124.6,772.7,2,MON CALAMARI IMPROVED LIGHT DURASTEEL WEAVE 
487.7,2262.0,3,SUBPRO IMPROVED LIGHT PLASTISTEEL 
158.5,1142.1,2,MON CALAMARI IMPROVED LIGHT DURASTEEL WEAVE 
171.6,1241.2,2,BAKTOID M PROTOTYPE ARMOR 
175.5,1563.9,2,SOROSUUB IMPROVED LIGHT PLASTISTEEL ARMOR 
167.9,1218.6,2,FREITEK INC. DELUXE LIGHT DURASTEEL 
193.5,1880.1,2,SOROSUUB IMPROVED LIGHT PLASTISTEEL ARMOR 
210.4,1263.6,2,FREITEK INC. DELUXE LIGHT DURASTEEL 
227.0,1245.8,2,SOROSUUB IMPROVED LIGHT PLASTISTEEL ARMOR 
380.1,1992.1,3,KOENSAYR PROMOTIONAL EDITION B9 DURASTEEL 
194.6,1618.1,2,SLAYN AND KORPIL LIGHT TECH WEAVE 
163.2,864.7,1,INCOM LIGHT STARSHIP PLATING 
488.4,3404.9,4,ALDERAAN ROYAL WEAVE ARMOR 
107.1,653.6,1,MON CALAMARI LIGHT DURASTEEL WEAVE 
119.2,1271.3,2,MON CALAMARI IMPROVED LIGHT DURASTEEL WEAVE 
462.5,3231.7,4,INCOM MODIFIED STANDARD PLATE 
299.5,3788.2,4,SOROSUUB SPECIAL EDITION INTERMEDIATE DURASTEEL 
644.0,4015.5,4,KOENSAYR ENHANCED STANDARD DURASTEEL 
164.5,1446.3,2,SLAYN AND KORPIL LIGHT TECH WEAVE 
664.4,5470.3,5,KUAT SYSTEMS ENGINEERING MODIFIED HEAVY DURASTEEL 
1670.3,20707.4,8,CORELLIAN IMPROVED ADVANCED DURASTEEL 
944.6,26114.8,8,MANDALMOTORS REINFORCED ADVANCED COMPOSITE 
1465.2,18560.7,8,CORELLIAN SUPREME DURASTEEL 
1310.7,25650.2,8,KUAT SYSTEMS ENGINEERING MODIFIED SUPREME DURASTEEL 
1389.4,50738.8,10,SOROSUUB MODIFIED ELITE PLASTISTEEL 
213.5,1395.5,2,SOROSUUB IMPROVED LIGHT PLASTISTEEL ARMOR 
302.3,3750.0,4,KOENSAYR ENHANCED STANDARD DURASTEEL 
178.1,1523.8,2,SLAYN AND KORPIL LIGHT TECH WEAVE 
445.4,3766.6,4,FREITEK INC. STANDARD ARMOR 
1400.4,27995.9,9,MANDALMOTORS SUPREME COMPOSITE 
1294.3,48041.8,10,SOROSUUB ELITE PLASTISTEEL 
931.1,10169.2,6,CORELLIAN SPECIAL STANDARD DURASTEEL 
493.9,2686.7,3,FREITEK EW6 PROTOTYPE ARMOR 
970.6,9008.2,6,MANDALMOTORS DOUBLE INSULATED I5 
547.0,5348.8,5,CUSTOMIZED TRILON ARMOR 
100.4,1517.8,2,BAKTOID M PROTOTYPE ARMOR 
780.4,36838.7,8,KOENSAYR LIMITED SUPREME DURASTEEL 
1191.5,34106.4,9,MANDALMOTORS MODIFIED SUPREME COMPOSITE 
1242.2,18828.9,8,KOENSAYR SPECIAL SUPREME DURASTEEL 
1269.2,13606.0,7,KOENSAYR SUPREME DURASTEEL 
841.2,26443.4,8,KOENSAYR LIMITED SUPREME DURASTEEL 
1164.6,29876.9,9,SUBPRO SUPREME PLASTISTEEL 
757.0,11165.6,7,SUBPRO LIMITED HEAVY PLASTISTEEL 
1170.7,35253.3,8,SUBPRO ADVANCED PLASTISTEEL 
1019.1,11774.2,7,KUAT SYSTEMS ENGINEERING SUPREME DURASTEEL 
1387.4,22421.1,8,CORELLIAN IMPROVED ADVANCED DURASTEEL 
1478.5,38012.9,10,SOROSUUB MODIFIED ELITE PLASTISTEEL 
957.8,8131.7,6,KUAT SYSTEMS ENGINEERING LIMITED HEAVY DURASTEEL 
338.8,3473.3,4,KOENSAYR HEAVY DURASTEEL ARMOR 
102.9,712.3,1,MON CALAMARI LIGHT DURASTEEL WEAVE 
927.6,27857.4,8,MANDALMOTORS DOUBLE INSULATED I7 
1551.3,22487.9,10,MANDALMOTORS ENHANCED ELITE COMPOSITE 
1596.5,25225.5,8,SUBPRO ADVANCED PLASTISTEEL 
146.7,656.6,1,MON CALAMARI LIGHT DURASTEEL WEAVE 
1166.5,15889.4,7,SUBPRO LIMITED HEAVY PLASTISTEEL 
2012.0,22949.9,10,SOROSUUB MODIFIED ELITE PLASTISTEEL 
411.8,3432.9,4,ALDERAAN ROYAL PLATE ARMOR 
381.9,4496.9,4,SUBPRO STANDARD PLASTISTEEL ARMOR 
1571.6,39042.4,10,MON CALAMARI SUPREME WEAVE 
1791.0,36112.8,10,MON CALAMARI SUPREME WEAVE 
877.0,14038.6,7,CORELLIAN ADVANCED DURASTEEL 
1284.6,26639.1,9,SOROSUUB ADVANCED PLASTISTEEL 
968.7,29982.6,9,SOROSUUB ENHANCED ADVANCED PLASTISTEEL 
127.7,598.6,1,MON CALAMARI LIGHT DURASTEEL WEAVE 
1123.3,27139.0,10,MON CALAMARI ADVANCED WEAVE 
1365.1,51720.1,10,CORELLIAN ENHANCED ELITE PLASTISTEEL 
293.5,3620.7,4,KOENSAYR HEAVY DURASTEEL ARMOR 
506.5,2870.4,5,KOENSAYR LIGHT ADVANCED DURASTEEL 
517.4,2414.6,4,CORELLIAN ENGINEERING CORP. STANDARD DURASTEEL PLATING 
956.8,35620.0,9,MANDALMOTORS MODIFIED SUPREME COMPOSITE 
1382.2,33707.9,9,SUBPRO ENHANCED SUPREME PLASTISTEEL 
712.9,9794.0,6,SUBPRO REINFORCED PLASTISTEEL ARMOR 
559.7,4821.3,5,SOROSUUB HEAVY PLASTISTEEL 
880.0,14818.8,7,KUAT SYSTEMS ENGINEERING CUSTOMIZED ADVANCED DURASTEEL 
924.3,48789.6,10,SOROSUUB ELITE PLASTISTEEL 
1411.2,29923.4,8,KUAT SYSTEMS ENGINEERING MODIFIED SUPREME DURASTEEL 
873.1,24755.5,8,KUAT SYSTEMS ENGINEERING MODIFIED SUPREME DURASTEEL 
1041.6,32230.8,9,MANDALMOTORS MODIFIED SUPREME COMPOSITE 
643.3,5516.3,5,UNKNOWN TRILON ARMOR 
1131.3,6724.9,7,KUAT SYSTEMS ENGINEERING CUSTOMIZED ADVANCED DURASTEEL 
805.3,9185.5,6,KUAT SYSTEMS ENGINEERING ADVANCED DURASTEEL 
903.0,6924.1,5,KOENSAYR ENHANCED HEAVY DURASTEEL 
476.4,3728.7,4,FREITEK INC. STANDARD ARMOR 
435.7,3202.1,4,KOENSAYR HEAVY DURASTEEL ARMOR 
1875.4,43522.5,9,SUBPRO SUPREME PLASTISTEEL 
461.4,3508.1,4,INCOM MODIFIED STANDARD PLATE 
1164.6,6279.7,7,KUAT SYSTEMS ENGINEERING CUSTOMIZED ADVANCED DURASTEEL 
1163.9,23806.1,8,KUAT SYSTEMS ENGINEERING MODIFIED SUPREME DURASTEEL 
393.3,2232.0,3,INCOM STANDARD PLATING 
597.8,4505.7,4,KOENSAYR ENHANCED STANDARD DURASTEEL 
355.3,2105.3,3,KOENSAYR PROMOTIONAL EDITION B9 DURASTEEL 
996.1,8946.1,6,KUAT SYSTEMS ENGINEERING ADVANCED DURASTEEL 
561.9,4224.0,5,KOENSAYR LIGHT ADVANCED DURASTEEL 
447.7,5390.5,5,MANDALMOTORS CUSTOM HEAVY COMPOSITE 
142.3,953.2,1,INCOM LIGHT STARSHIP PLATING 
227.5,1531.5,2,BAKTOID M PROTOTYPE ARMOR 
175.9,918.4,1,GALLOFREE MARK I STARFIGHTER ARMOR 
677.1,4924.7,5,KOENSAYR LIGHT ADVANCED DURASTEEL 
867.1,6604.4,5,SOROSUUB HEAVY PLASTISTEEL 
636.5,4562.9,5,CUSTOMIZED TRILON ARMOR 
1377.4,23979.2,8,SUBPRO EXPERIMENTAL ADVANCED PLASTISTEEL 
730.9,6173.1,6,KUAT SYSTEMS ENGINEERING ADVANCED DURASTEEL 
1746.2,30992.2,8,SUBPRO EXPERIMENTAL ADVANCED PLASTISTEEL 
309.3,2175.1,3,KOENSAYR STANDARD DURASTEEL PLATING 
563.4,5970.5,5,SUBPRO IMPROVED STANDARD DURASTEEL 
342.4,1586.1,3,KOENSAYR PROMOTIONAL EDITION B9 DURASTEEL 
541.3,4231.1,5,KUAT SYSTEMS ENGINEERING MODIFIED HEAVY DURASTEEL 
1176.8,21855.1,8,CORELLIAN SUPREME DURASTEEL 
259.7,1146.9,2,MON CALAMARI IMPROVED LIGHT DURASTEEL WEAVE 
1100.6,42139.5,9,SOROSUUB ENHANCED ADVANCED PLASTISTEEL 
861.7,14026.8,7,CORELLIAN ADVANCED DURASTEEL 
1027.9,6068.8,5,KOENSAYR ENHANCED HEAVY DURASTEEL 
1133.0,7488.5,6,SUBPRO CORRUGATED DURASTEEL ARMOR 
278.3,1726.3,3,FREITEK EW6 PROTOTYPE ARMOR 
253.7,1566.8,2,SOROSUUB IMPROVED LIGHT PLASTISTEEL ARMOR 
780.4,10471.1,6,MANDALMOTORS ENHANCED HEAVY COMPOSITE 
1053.3,5677.4,5,MANDALMOTORS CUSTOM HEAVY COMPOSITE 
201.1,1520.5,2,SOROSUUB IMPROVED LIGHT PLASTISTEEL ARMOR 
1231.7,10915.0,6,CORELLIAN HEAVY DURASTEEL 
790.8,15173.5,7,KOENSAYR SUPREME DURASTEEL 
1154.3,42322.1,10,SOROSUUB ELITE PLASTISTEEL 
1224.6,13518.0,7,MANDALMOTORS INSULATED I7 
236.8,1374.6,2,SLAYN AND KORPIL LIGHT TECH WEAVE 
388.3,4574.5,4,ALDERAAN ROYAL PLATE ARMOR 
1365.1,31923.8,9,KOENSAYR ELITE PLASTISTEEL 
348.0,2094.9,3,KOENSAYR PROMOTIONAL EDITION B9 DURASTEEL 
1533.9,22645.7,8,SUBPRO ADVANCED PLASTISTEEL 
353.8,1939.5,3,MANDALMOTORS J7 COMPOSITE ARMOR 
593.7,6219.5,5,SUBPRO IMPROVED STANDARD DURASTEEL 
1670.7,45020.0,10,CORELLIAN ENHANCED ELITE PLASTISTEEL 
857.5,16637.1,7,KOENSAYR SUPREME DURASTEEL 
1598.2,39183.4,10,CORELLIAN ENHANCED ELITE PLASTISTEEL 
1342.4,46970.5,9,KOENSAYR ELITE PLASTISTEEL 
1493.2,51665.7,9,RENDILI CRYSTALLINE DURASTEEL PLATING 
1093.6,25669.3,9,KOENSAYR ELITE PLASTISTEEL 
1381.6,47013.8,9,RENDILI CRYSTALLINE DURASTEEL PLATING 
1320.7,35806.9,9,RENDILI CRYSTALLINE DURASTEEL PLATING 
365.6,4131.0,4,ALDERAAN ROYAL WEAVE ARMOR 
526.3,3421.2,4,KOENSAYR ENHANCED STANDARD DURASTEEL 
388.3,2359.2,3,FREITEK ES-4 DURASTEEL ARMOR 
264.1,1259.1,2,BAKTOID M PROTOTYPE ARMOR 
117.2,958.8,1,KOENSAYR B9 DURASTEEL ARMOR 
402.5,2137.5,3,INCOM STANDARD PLATING 
423.6,1876.2,3,SUBPRO IMPROVED LIGHT PLASTISTEEL 
434.8,2127.7,3,FREITEK ES-4 DURASTEEL ARMOR 
810.6,5724.5,5,SUBPRO LIGHT PLASTISTEEL ARMOR 
139.4,671.2,1,MON CALAMARI LIGHT DURASTEEL WEAVE 
153.0,876.2,1,KOENSAYR B9 DURASTEEL ARMOR 
512.6,5844.5,5,UNKNOWN TRILON ARMOR 
1495.1,23807.0,9,KOENSAYR ELITE PLASTISTEEL 
2077.3,48956.6,9,RENDILI CRYSTALLINE DURASTEEL PLATING 
1202.8,38571.9,9,KOENSAYR ELITE PLASTISTEEL 
1659.3,17285.6,10,MON CALAMARI ELITE WEAVE 
1466.2,28199.3,10,MON CALAMARI ELITE WEAVE 
394.0,14847.2,6,MONCAL IONWEB PROTOTYPE B SHIELD 
1481.5,33568.4,10,MON CALAMARI ELITE WEAVE 
760.9,29019.7,10,MON CALAMARI ELITE WEAVE 
708.2,53006.0,10,KUAT ENGINEERING SYSTEMS TC-62 ENGINES 
1110.0,22822.1,10,MON CALAMARI ELITE WEAVE 
1399.6,45502.1,10,MON CALAMARI ELITE WEAVE 
722.9,50387.8,10,KUAT ENGINEERING SYSTEMS TC-62 ENGINES 
94.0,2190.4,2,INCOM RAYSHIELD R4 
399.3,16720.0,6,MONCAL IONWEB PROTOTYPE B SHIELD 
729.9,55540.8,10,KUAT ENGINEERING SYSTEMS TC-62 ENGINES 
404.1,16132.9,6,MONCAL IONWEB PROTOTYPE B SHIELD 
392.9,16161.4,6,MONCAL IONWEB PROTOTYPE B SHIELD 
95.8,2447.8,2,INCOM RAYSHIELD R4 
1317.0,46337.7,9,KOENSAYR ELITE PLASTISTEEL 
1500.6,35971.9,9,KOENSAYR ELITE PLASTISTEEL 
1354.5,21581.8,10,MON CALAMARI ELITE WEAVE 
386.5,21798.6,6,MONCAL IONWEB PROTOTYPE B SHIELD 
1395.4,27264.5,10,MON CALAMARI ELITE WEAVE 
717.7,47218.4,10,KUAT ENGINEERING SYSTEMS TC-62 ENGINES 
1378.4,48787.0,9,RENDILI CRYSTALLINE DURASTEEL PLATING 
411.5,20516.8,6,MONCAL IONWEB PROTOTYPE B SHIELD 
403.1,16712.1,6,MONCAL IONWEB PROTOTYPE B SHIELD 
1402.6,26282.5,10,MON CALAMARI ELITE WEAVE 
394.6,17740.2,6,MONCAL IONWEB PROTOTYPE B SHIELD 
1409.2,33383.2,10,MON CALAMARI ELITE WEAVE 
1056.0,34911.1,9,KOENSAYR ELITE PLASTISTEEL 
1327.0,54601.9,9,RENDILI CRYSTALLINE DURASTEEL PLATING 
967.7,40816.8,10,MON CALAMARI ELITE WEAVE 
389.5,18192.9,6,MONCAL IONWEB PROTOTYPE B SHIELD 
392.8,20248.4,6,MONCAL IONWEB PROTOTYPE B SHIELD 
697.3,56772.1,10,KUAT ENGINEERING SYSTEMS TC-62 ENGINES 
760.4,44672.3,9,RENDILI CRYSTALLINE DURASTEEL PLATING 
1422.3,36107.8,9,KOENSAYR ELITE PLASTISTEEL 
1287.8,38987.7,9,KOENSAYR ELITE PLASTISTEEL 
1531.1,49956.6,9,RENDILI CRYSTALLINE DURASTEEL PLATING 
748.4,50632.3,10,KUAT ENGINEERING SYSTEMS TC-62 ENGINES 
787.2,40300.8,10,MON CALAMARI ELITE WEAVE 
1076.6,30200.6,9,KOENSAYR ELITE PLASTISTEEL 
712.2,50990.0,10,KUAT ENGINEERING SYSTEMS TC-62 ENGINES 
414.5,10291.1,6,86 SHOOTING STAR ENGINE 
709.0,52558.1,10,KUAT ENGINEERING SYSTEMS TC-62 ENGINES 
682.6,77620.4,10,AIM TOON HEAVY SHIELD 
387.7,18023.2,6,MONCAL IONWEB PROTOTYPE B SHIELD 
732.5,47856.0,10,KUAT ENGINEERING SYSTEMS TC-62 ENGINES 
1229.9,43489.7,10,MON CALAMARI ELITE WEAVE 
1096.7,23649.7,8,KUAT SYSTEMS ENGINEERING MODIFIED SUPREME DURASTEEL 
2084.1,51603.5,10,SLAYN AND KORPIL FLEXSTEEL MUI-LAYER ARMOR 
632.2,5825.6,5,UNKNOWN TRILON ARMOR 
743.1,52503.2,10,KUAT ENGINEERING SYSTEMS TC-62 ENGINES 
1619.2,35623.9,10,MON CALAMARI ELITE WEAVE 
397.0,14816.8,6,MONCAL IONWEB PROTOTYPE B SHIELD 
1487.0,49047.4,10,MON CALAMARI ELITE WEAVE 
677.8,85147.6,10,AIM TOON HEAVY SHIELD 
396.2,11109.4,6,86 SHOOTING STAR ENGINE 
395.5,9972.5,6,86 SHOOTING STAR ENGINE 
1315.5,31026.9,9,CORELLIAN REINFORCED SUPREME DURASTEEL 
396.6,9047.2,6,86 SHOOTING STAR ENGINE 
460.0,2047.5,4,SIENAR FLEET SYSTEMS LIGHT MILITARY GRADE DURASTEEL 
1286.1,31645.5,10,MON CALAMARI ELITE WEAVE 
722.6,52087.8,10,KUAT ENGINEERING SYSTEMS TC-62 ENGINES 
1269.5,9180.5,6,CORELLIAN ENGINEERING CORP. TRIPLATE ARMOR 
1868.8,24841.4,8,REPUBLIC SIENAR SYSTEMS SPECIAL DURASTEEL 
691.7,90278.0,10,AIM TOON HEAVY SHIELD 
585.2,4140.0,5,UNKNOWN TRILON ARMOR 
1297.1,35361.5,10,MON CALAMARI ELITE WEAVE 
405.8,18267.2,6,MONCAL IONWEB PROTOTYPE B SHIELD 
1341.4,48196.9,10,MON CALAMARI ELITE WEAVE 
403.8,12296.5,6,86 SHOOTING STAR ENGINE 
839.1,7540.4,6,CORELLIAN HEAVY DURASTEEL 
679.1,90347.7,10,AIM TOON HEAVY SHIELD 
703.6,86818.8,10,AIM TOON HEAVY SHIELD 
1269.6,9180.1,6,CORELLIAN ENGINEERING CORP. TRIPLATE ARMOR 
1443.7,50945.3,10,MANDALMOTORS ENHANCED ELITE COMPOSITE 
400.7,15963.5,6,MONCAL IONWEB PROTOTYPE B SHIELD 
724.7,53686.6,10,KUAT ENGINEERING SYSTEMS TC-62 ENGINES 
1268.3,33348.0,10,MON CALAMARI ELITE WEAVE 
400.9,18779.0,6,MONCAL IONWEB PROTOTYPE B SHIELD 
1449.0,29742.6,9,RENDILI CRYSTALLINE DURASTEEL PLATING 
1487.9,28157.7,10,MON CALAMARI ELITE WEAVE 
1579.3,40393.7,9,RENDILI CRYSTALLINE DURASTEEL PLATING 
1859.2,22330.6,10,MON CALAMARI ELITE WEAVE 
1235.4,26926.9,10,MON CALAMARI ELITE WEAVE 
745.1,53028.8,10,KUAT ENGINEERING SYSTEMS TC-62 ENGINES 
1256.2,35731.9,10,MON CALAMARI ELITE WEAVE 
1287.6,33358.0,10,MON CALAMARI ELITE WEAVE 
1354.2,36891.1,9,RENDILI CRYSTALLINE DURASTEEL PLATING 
1415.9,28012.7,9,RENDILI CRYSTALLINE DURASTEEL PLATING 
1471.2,36305.6,9,KOENSAYR ELITE PLASTISTEEL 
403.9,15499.5,6,MONCAL IONWEB PROTOTYPE B SHIELD 
689.8,80001.7,10,AIM TOON HEAVY SHIELD 
382.4,18340.6,6,MONCAL IONWEB PROTOTYPE B SHIELD 
935.8,4030.1,5,KOENSAYR ENHANCED HEAVY DURASTEEL 
400.6,11036.7,6,86 SHOOTING STAR ENGINE 
1532.4,35034.3,9,KOENSAYR ELITE PLASTISTEEL 
1627.3,43457.4,10,MON CALAMARI ELITE WEAVE 
1524.8,19840.1,10,MON CALAMARI ELITE WEAVE 
690.8,48702.2,10,KUAT ENGINEERING SYSTEMS TC-62 ENGINES 
1102.7,46158.5,10,MON CALAMARI ELITE WEAVE 
405.8,16887.4,6,MONCAL IONWEB PROTOTYPE B SHIELD 
1545.6,38179.6,9,SOROSUUB ENHANCED ADVANCED PLASTISTEEL 
1213.5,31697.3,10,MON CALAMARI ELITE WEAVE 
767.6,37608.7,9,MANDALMOTORS SUPREME COMPOSITE 
752.4,6167.6,5,SUBPRO IMPROVED STANDARD DURASTEEL 
381.8,4256.3,4,ALDERAAN ROYAL PLATE ARMOR 
1559.5,32307.5,10,MANDALMOTORS ENHANCED ELITE COMPOSITE 
1654.4,38257.7,10,CORELLIAN ENHANCED ELITE PLASTISTEEL 
670.1,34731.9,9,CORELLIAN ELITE DURASTEEL 
1012.6,10740.3,6,MANDALMOTORS ENHANCED HEAVY COMPOSITE 
1093.8,11574.5,6,KOENSAYR ADVANCED DURASTEEL 
195.7,920.2,1,KOENSAYR B5 DURASTEEL ARMOR 
196.9,1606.6,2,KUAT SYSTEMS ENGINEERING INTERMEDIATE DURASTEEL PLATING 
183.2,1405.1,2,SOROSUUB IMPROVED LIGHT PLASTISTEEL ARMOR 
535.4,2916.2,4,KUAT SYSTEMS ENGINEERING HEAVY DURASTEEL 
1126.3,12670.4,7,SUBPRO HEAVY PLASTISTEEL 
101.1,658.4,1,MON CALAMARI LIGHT DURASTEEL WEAVE 
176.8,1575.5,2,MANDALMOTORS MODIFIED J5 COMPOSITE ARMOR 
1150.0,34691.4,9,SOROSUUB ADVANCED PLASTISTEEL 
1303.6,40230.2,10,MON CALAMARI ELITE WEAVE 
728.9,5168.9,5,KOENSAYR LIGHT ADVANCED DURASTEEL 
941.0,42220.9,9,MANDALMOTORS SUPREME COMPOSITE 
397.3,17651.5,6,MONCAL IONWEB PROTOTYPE B SHIELD 
1605.6,33349.1,10,MON CALAMARI ELITE WEAVE 
392.9,16868.0,6,MONCAL IONWEB PROTOTYPE B SHIELD 
455.8,2448.3,3,KOENSAYR STANDARD DURASTEEL PLATING 
1966.9,45391.4,10,SIENAR DESIGN SYSTEMS IMPERVIOUS IMPERIAL DURASTEEL 
730.9,10045.9,6,KUAT SYSTEMS ENGINEERING ADVANCED DURASTEEL 
744.5,49235.0,10,KUAT ENGINEERING SYSTEMS TC-62 ENGINES 
1380.3,35755.5,10,MON CALAMARI ELITE WEAVE 
1019.0,26548.7,10,MON CALAMARI ELITE WEAVE 
2882.6,59366.2,10,SLAYN AND KORPIL FLEXSTEEL MUI-LAYER ARMOR 
1846.3,46337.5,10,SLAYN AND KORPIL FLEXSTEEL MUI-LAYER ARMOR 
848.3,26022.1,8,MANDALMOTORS DOUBLE INSULATED I7 
2079.5,49490.2,10,SLAYN AND KORPIL FLEXSTEEL MUI-LAYER ARMOR 
837.6,6157.6,6,KOENSAYR ADVANCED DURASTEEL 
987.9,12097.5,7,KOENSAYR THICK ADVANCED DURASTEEL 
2267.4,45550.7,10,SIENAR DESIGN SYSTEMS IMPERVIOUS IMPERIAL DURASTEEL 
342.7,3838.6,4,SUBPRO STANDARD PLASTISTEEL ARMOR 
2322.3,46759.6,10,SLAYN AND KORPIL FLEXSTEEL MUI-LAYER ARMOR 
721.9,5662.3,6,KUAT SYSTEMS ENGINEERING ADVANCED DURASTEEL 
1580.9,53871.7,10,SUBPRO SPECIAL ELITE PLASTISTEEL 
1281.4,37547.5,10,SUBPRO ELITE PLASTISTEEL 
553.1,3196.0,4,ALDERAAN ROYAL WEAVE ARMOR 
813.6,13682.5,7,CORELLIAN ADVANCED DURASTEEL 
1111.9,27875.3,9,SOROSUUB ADVANCED PLASTISTEEL 
2114.0,24523.0,9,RENDILI CRYSTALLINE DURASTEEL PLATING 
1924.9,43105.2,9,RENDILI CRYSTALLINE DURASTEEL PLATING 
1450.7,39085.0,9,RENDILI CRYSTALLINE DURASTEEL PLATING 
683.3,51591.3,10,KUAT ENGINEERING SYSTEMS TC-62 ENGINES 
1387.4,38782.9,9,RENDILI CRYSTALLINE DURASTEEL PLATING 
691.2,57589.6,10,KUAT ENGINEERING SYSTEMS TC-62 ENGINES 
763.5,23868.8,10,MON CALAMARI ELITE WEAVE 
1394.8,36824.0,9,KOENSAYR ELITE PLASTISTEEL 
409.6,3668.8,4,MANDALMOTORS I5 INSULATED ARMOR 
1279.7,45829.7,9,RENDILI CRYSTALLINE DURASTEEL PLATING 
708.0,51147.5,10,KUAT ENGINEERING SYSTEMS TC-62 ENGINES 
723.3,46427.8,10,KUAT ENGINEERING SYSTEMS TC-62 ENGINES 
872.7,30833.3,10,MON CALAMARI ELITE WEAVE 
1474.9,33052.9,9,KOENSAYR ELITE PLASTISTEEL 
717.5,55609.0,10,KUAT ENGINEERING SYSTEMS TC-62 ENGINES 
711.7,52113.0,10,KUAT ENGINEERING SYSTEMS TC-62 ENGINES 
1011.1,43171.4,9,RENDILI CRYSTALLINE DURASTEEL PLATING 
1198.4,28954.9,9,KOENSAYR ELITE PLASTISTEEL 
2223.8,46182.0,9,RENDILI CRYSTALLINE DURASTEEL PLATING 
627.5,26491.5,8,KUAT SYSTEMS ENGINEERING ELITE DURASTEEL 
975.3,28007.9,9,SUBPRO SUPREME PLASTISTEEL 
400.1,3727.7,4,SOROSUUB SPECIAL EDITION INTERMEDIATE DURASTEEL 
726.2,9037.7,6,KUAT SYSTEMS ENGINEERING LIMITED HEAVY DURASTEEL 
729.9,58098.4,10,KUAT ENGINEERING SYSTEMS TC-62 ENGINES 
734.1,51880.2,10,KUAT ENGINEERING SYSTEMS TC-62 ENGINES 
1636.0,40565.7,10,MON CALAMARI ELITE WEAVE 
1463.0,32167.3,9,KOENSAYR ELITE PLASTISTEEL 
400.9,16438.2,6,MONCAL IONWEB PROTOTYPE B SHIELD 
1312.0,28620.6,9,KOENSAYR ELITE PLASTISTEEL 
1335.0,36798.8,9,KOENSAYR ELITE PLASTISTEEL 
691.2,49675.8,10,KUAT ENGINEERING SYSTEMS TC-62 ENGINES 
1089.9,39760.2,9,KOENSAYR ELITE PLASTISTEEL 
1342.9,42024.8,9,KOENSAYR ELITE PLASTISTEEL 
1733.4,36146.1,10,MON CALAMARI ELITE WEAVE 
391.4,15311.4,6,MONCAL IONWEB PROTOTYPE B SHIELD 
1019.9,42834.6,9,KOENSAYR ELITE PLASTISTEEL 
2001.4,36124.9,9,RENDILI CRYSTALLINE DURASTEEL PLATING 
398.3,17451.0,6,MONCAL IONWEB PROTOTYPE B SHIELD 
1157.5,35226.5,9,KOENSAYR ELITE PLASTISTEEL 
1487.7,26133.6,10,MON CALAMARI ELITE WEAVE 
1881.7,40805.8,9,RENDILI CRYSTALLINE DURASTEEL PLATING 
708.4,49395.1,10,KUAT ENGINEERING SYSTEMS TC-62 ENGINES 
1292.5,29490.8,10,MON CALAMARI ELITE WEAVE 
401.2,14519.9,6,MONCAL IONWEB PROTOTYPE B SHIELD 
511.7,4357.7,5,KOENSAYR LIGHT ADVANCED DURASTEEL 
1575.3,52948.1,9,RENDILI CRYSTALLINE DURASTEEL PLATING 
1525.8,56387.3,9,RENDILI CRYSTALLINE DURASTEEL PLATING 
1394.8,35459.9,9,KOENSAYR ELITE PLASTISTEEL 
405.8,13484.2,6,MONCAL IONWEB PROTOTYPE B SHIELD 
1137.2,17707.0,10,MON CALAMARI ELITE WEAVE 
392.3,15985.4,6,MONCAL IONWEB PROTOTYPE B SHIELD 
1657.9,34422.7,9,KOENSAYR ELITE PLASTISTEEL 
1217.3,33039.8,9,CORELLIAN REINFORCED SUPREME DURASTEEL 
369.4,2462.6,3,SUBPRO IMPROVED LIGHT PLASTISTEEL 
1132.9,16243.4,7,SUBPRO HEAVY PLASTISTEEL 
503.2,6191.5,5,CUSTOMIZED TRILON ARMOR 
392.2,17778.9,6,MONCAL IONWEB PROTOTYPE B SHIELD 
1177.9,25946.7,10,MON CALAMARI ELITE WEAVE 
713.7,49026.3,10,KUAT ENGINEERING SYSTEMS TC-62 ENGINES 
1235.7,27546.6,9,KOENSAYR ELITE PLASTISTEEL 
394.9,14929.8,6,MONCAL IONWEB PROTOTYPE B SHIELD 
733.4,56412.2,10,KUAT ENGINEERING SYSTEMS TC-62 ENGINES 
740.1,51481.0,10,KUAT ENGINEERING SYSTEMS TC-62 ENGINES 
1373.8,32739.5,10,MON CALAMARI ELITE WEAVE 
734.9,52620.2,10,KUAT ENGINEERING SYSTEMS TC-62 ENGINES 
1728.2,56492.6,9,RENDILI CRYSTALLINE DURASTEEL PLATING 
372.7,1943.9,3,INCOM STANDARD PLATING 
1074.7,21731.0,8,CORELLIAN SUPREME DURASTEEL 
396.8,16984.0,6,MONCAL IONWEB PROTOTYPE B SHIELD 
1253.4,38800.0,10,MON CALAMARI ELITE WEAVE 
396.3,17086.5,6,MONCAL IONWEB PROTOTYPE B SHIELD 
862.5,39449.8,9,KOENSAYR ELITE PLASTISTEEL 
1583.6,16644.2,10,MON CALAMARI ADVANCED WEAVE 
359.3,2101.6,3,INCOM STANDARD PLATING 
460.1,4590.0,4,SUBPRO STANDARD PLASTISTEEL ARMOR 
1317.9,50663.6,10,CORELLIAN ENHANCED ELITE PLASTISTEEL 
280.5,2815.6,3,KOENSAYR PROMOTIONAL EDITION B9 DURASTEEL 
500.7,4241.0,4,CORELLIAN ENGINEERING CORP. STANDARD DURASTEEL PLATING 
270.7,2085.0,3,FREITEK EW6 PROTOTYPE ARMOR 
1648.8,39055.0,10,MON CALAMARI SUPREME WEAVE 
826.4,37166.1,9,MANDALMOTORS MODIFIED SUPREME COMPOSITE 
995.4,8060.9,6,KUAT SYSTEMS ENGINEERING LIMITED HEAVY DURASTEEL 
666.5,52046.4,10,CORELLIAN ENHANCED ELITE PLASTISTEEL 
373.8,2237.1,3,FREITEK EW6 PROTOTYPE ARMOR 
1284.2,34431.1,9,KOENSAYR ELITE PLASTISTEEL 
1071.3,32934.9,9,KOENSAYR ELITE PLASTISTEEL 
1352.9,32975.6,10,MON CALAMARI ELITE WEAVE 
395.6,19807.7,6,MONCAL IONWEB PROTOTYPE B SHIELD 
1326.2,35393.2,9,RENDILI CRYSTALLINE DURASTEEL PLATING 
1406.4,21255.2,10,MON CALAMARI ELITE WEAVE 
397.5,17485.5,6,MONCAL IONWEB PROTOTYPE B SHIELD 
1517.6,40698.3,9,RENDILI CRYSTALLINE DURASTEEL PLATING 
724.5,53626.6,10,KUAT ENGINEERING SYSTEMS TC-62 ENGINES 
942.7,34027.6,10,MON CALAMARI ELITE WEAVE 
1104.8,28091.6,10,MON CALAMARI ELITE WEAVE 
1150.2,28854.8,9,KOENSAYR ELITE PLASTISTEEL 
398.7,15057.9,6,MONCAL IONWEB PROTOTYPE B SHIELD 
1547.3,41688.1,10,MON CALAMARI ELITE WEAVE 
389.5,16760.7,6,MONCAL IONWEB PROTOTYPE B SHIELD 
718.5,56469.0,10,KUAT ENGINEERING SYSTEMS TC-62 ENGINES 
1107.2,38189.8,9,KOENSAYR ELITE PLASTISTEEL 
1499.2,33241.4,9,RENDILI CRYSTALLINE DURASTEEL PLATING 
756.0,53546.5,10,KUAT ENGINEERING SYSTEMS TC-62 ENGINES 
1058.0,33872.3,9,KOENSAYR ELITE PLASTISTEEL 
902.6,31572.0,9,KOENSAYR ELITE PLASTISTEEL 
1349.9,21494.8,10,MON CALAMARI ELITE WEAVE 
1239.2,48860.2,10,MON CALAMARI ELITE WEAVE 
1196.2,11694.0,7,KUAT SYSTEMS ENGINEERING CUSTOMIZED ADVANCED DURASTEEL 
483.4,10108.5,6,KOENSAYR ADVANCED DURASTEEL 
1847.9,57320.3,10,CORELLIAN ENHANCED ELITE PLASTISTEEL 
393.0,16439.6,6,MONCAL IONWEB PROTOTYPE B SHIELD 
1084.9,28606.1,9,KOENSAYR ELITE PLASTISTEEL 
724.6,54406.1,10,KUAT ENGINEERING SYSTEMS TC-62 ENGINES 
1388.1,24893.7,9,RENDILI CRYSTALLINE DURASTEEL PLATING 
709.4,48984.8,10,KUAT ENGINEERING SYSTEMS TC-62 ENGINES 
1035.4,27182.6,9,KOENSAYR ELITE PLASTISTEEL 
1347.6,34061.8,9,KOENSAYR ELITE PLASTISTEEL 
389.9,18322.2,6,MONCAL IONWEB PROTOTYPE B SHIELD 
405.7,17391.4,6,MONCAL IONWEB PROTOTYPE B SHIELD 
1521.8,36217.7,9,KOENSAYR ELITE PLASTISTEEL 
757.8,47488.8,10,KUAT ENGINEERING SYSTEMS TC-62 ENGINES 
1252.1,29447.6,9,KOENSAYR ELITE PLASTISTEEL 
915.9,46072.3,9,RENDILI CRYSTALLINE DURASTEEL PLATING 
1081.7,44526.6,10,MON CALAMARI ELITE WEAVE 
671.1,38513.0,10,MON CALAMARI ELITE WEAVE 
1082.4,42177.6,10,MON CALAMARI ELITE WEAVE 
935.5,32794.3,9,KOENSAYR ELITE PLASTISTEEL 
932.3,39234.6,9,KOENSAYR ELITE PLASTISTEEL 
958.8,47645.4,9,KOENSAYR ELITE PLASTISTEEL 
1555.8,24427.3,9,KOENSAYR ELITE PLASTISTEEL 
725.5,54251.6,10,KUAT ENGINEERING SYSTEMS TC-62 ENGINES 
1172.1,24358.9,9,KOENSAYR ELITE PLASTISTEEL 
1399.7,51767.2,9,RENDILI CRYSTALLINE DURASTEEL PLATING 
730.4,51970.8,10,KUAT ENGINEERING SYSTEMS TC-62 ENGINES 
1345.2,64547.2,9,RENDILI CRYSTALLINE DURASTEEL PLATING 
1922.0,33558.3,9,RENDILI CRYSTALLINE DURASTEEL PLATING 
940.5,38607.6,9,KOENSAYR ELITE PLASTISTEEL 
1082.5,16690.1,7,KOENSAYR SUPREME DURASTEEL 
624.4,5516.0,5,CUSTOMIZED TRILON ARMOR 
731.8,4445.7,5,KUAT SYSTEMS ENGINEERING MODIFIED HEAVY DURASTEEL 
1311.7,29158.2,10,MON CALAMARI ELITE WEAVE 
661.7,6172.3,5,KOENSAYR ENHANCED HEAVY DURASTEEL 
218.6,1849.7,3,KOENSAYR PROMOTIONAL EDITION B9 DURASTEEL 
1244.8,35351.3,10,MON CALAMARI ELITE WEAVE 
1460.7,33291.7,9,RENDILI CRYSTALLINE DURASTEEL PLATING 
1750.9,26612.7,10,SOROSUUB MODIFIED ELITE PLASTISTEEL 
1752.7,34172.9,10,MON CALAMARI SUPREME WEAVE 
372.2,1456.3,3,KOENSAYR PROMOTIONAL EDITION B9 DURASTEEL 
724.0,5277.2,5,CUSTOMIZED TRILON ARMOR 
397.5,14656.5,6,MONCAL IONWEB PROTOTYPE B SHIELD 
1145.0,32683.3,9,KOENSAYR ELITE PLASTISTEEL 
395.7,18160.3,6,MONCAL IONWEB PROTOTYPE B SHIELD 
1415.0,44110.2,10,SOROSUUB MODIFIED ELITE PLASTISTEEL 
1851.2,32320.2,10,MON CALAMARI SUPREME WEAVE 
368.3,2422.7,3,GALLOFREE MARK II STARFIGHTER ARMOR 
354.8,3734.5,4,SOROSUUB SPECIAL EDITION INTERMEDIATE DURASTEEL 
583.8,6290.0,5,CUSTOMIZED TRILON ARMOR 
797.9,10297.6,6,SUBPRO REINFORCED PLASTISTEEL ARMOR 
786.1,6701.5,5,MANDALMOTORS CUSTOM HEAVY COMPOSITE 
941.1,20865.2,10,MON CALAMARI ELITE WEAVE 
1206.4,14094.5,7,SUBPRO HEAVY PLASTISTEEL 
1468.2,28136.5,10,MANDALMOTORS ENHANCED ELITE COMPOSITE 
1126.2,41345.9,9,SUBPRO SUPREME PLASTISTEEL 
272.3,3497.9,4,SUBPRO STANDARD PLASTISTEEL ARMOR 
1208.7,32950.6,10,MON CALAMARI ELITE WEAVE 
1482.8,26840.1,8,MANDALMOTORS REINFORCED ADVANCED COMPOSITE 
1259.6,32474.9,10,MON CALAMARI ELITE WEAVE 
801.2,37646.1,9,KOENSAYR ELITE PLASTISTEEL 
1361.2,31209.8,9,KOENSAYR ELITE PLASTISTEEL 
642.8,4199.2,4,SOROSUUB SPECIAL EDITION INTERMEDIATE DURASTEEL 
1423.4,25542.0,8,CORELLIAN SUPREME DURASTEEL 
468.5,3597.2,4,MANDALMOTORS DOUBLE PLATED J7 COMPOSITE ARMOR 
327.5,3279.0,4,KUAT SYSTEMS ENGINEERING HEAVY DURASTEEL 
1172.6,45655.2,9,CORELLIAN REINFORCED SUPREME DURASTEEL 
396.2,10337.2,6,86 SHOOTING STAR ENGINE 
1269.5,9179.3,6,CORELLIAN ENGINEERING CORP. TRIPLATE ARMOR 
697.5,52665.8,10,KUAT ENGINEERING SYSTEMS TC-62 ENGINES 
1082.9,32398.4,10,MON CALAMARI ELITE WEAVE 
729.3,55773.7,10,KUAT ENGINEERING SYSTEMS TC-62 ENGINES 
714.5,6103.9,5,CUSTOMIZED TRILON ARMOR 
391.9,16815.2,6,MONCAL IONWEB PROTOTYPE B SHIELD 
724.9,52295.2,10,KUAT ENGINEERING SYSTEMS TC-62 ENGINES 
386.8,17868.2,6,MONCAL IONWEB PROTOTYPE B SHIELD 
719.5,91285.2,10,AIM TOON HEAVY SHIELD 
754.2,54496.5,10,KUAT ENGINEERING SYSTEMS TC-62 ENGINES 
388.5,16717.9,6,MONCAL IONWEB PROTOTYPE B SHIELD 
390.8,18261.6,6,MONCAL IONWEB PROTOTYPE B SHIELD 
412.9,10153.2,6,86 SHOOTING STAR ENGINE 
402.9,14562.4,6,MONCAL IONWEB PROTOTYPE B SHIELD 
836.7,33484.9,10,MON CALAMARI ELITE WEAVE 
398.7,16021.4,6,MONCAL IONWEB PROTOTYPE B SHIELD 
690.0,94832.1,10,AIM TOON HEAVY SHIELD 
612.2,6940.6,6,KUAT SYSTEMS ENGINEERING LIMITED HEAVY DURASTEEL 
397.0,19606.5,6,MONCAL IONWEB PROTOTYPE B SHIELD 
406.7,10567.1,6,86 SHOOTING STAR ENGINE 
1381.9,22581.8,8,CORELLIAN IMPROVED ADVANCED DURASTEEL 
729.0,56103.6,10,KUAT ENGINEERING SYSTEMS TC-62 ENGINES 
393.0,18324.7,6,MONCAL IONWEB PROTOTYPE B SHIELD 
1269.6,9179.6,6,KUAT SYSTEMS ENGINEERING HANDCRAFTED DURASTEEL PLATING 
679.0,97006.1,10,AIM TOON HEAVY SHIELD 
997.3,20759.4,8,CORELLIAN SUPREME DURASTEEL 
1693.9,40850.7,10,MON CALAMARI ELITE WEAVE 
674.2,93069.4,10,AIM TOON HEAVY SHIELD 
416.5,17403.7,6,MONCAL IONWEB PROTOTYPE B SHIELD 
380.4,11783.2,6,86 SHOOTING STAR ENGINE 
962.7,14090.8,7,CORELLIAN ADVANCED DURASTEEL 
683.1,88968.5,10,AIM TOON HEAVY SHIELD 
715.1,37898.3,9,SIENAR FLEET SYSTEMS IMPERIAL FINEST DURASTEEL 
1341.2,31127.8,10,MON CALAMARI ADVANCED WEAVE 
678.7,86347.1,10,AIM TOON HEAVY SHIELD 
699.4,94051.2,10,AIM TOON HEAVY SHIELD 
379.5,11121.7,6,86 SHOOTING STAR ENGINE 
384.9,10595.1,6,86 SHOOTING STAR ENGINE 
405.7,10649.3,6,86 SHOOTING STAR ENGINE 
686.7,91503.0,10,AIM TOON HEAVY SHIELD 
1186.5,30151.7,10,MON CALAMARI ELITE WEAVE 
1144.6,27926.6,10,SOROSUUB MODIFIED ELITE PLASTISTEEL 
1630.8,22488.6,10,MON CALAMARI ELITE WEAVE 
1834.8,36704.3,9,RENDILI CRYSTALLINE DURASTEEL PLATING 
246.1,3040.6,4,CORELLIAN ENGINEERING CORP. STANDARD DURASTEEL PLATING 
694.1,44493.2,10,KUAT ENGINEERING SYSTEMS TC-62 ENGINES 
736.7,49833.2,10,KUAT ENGINEERING SYSTEMS TC-62 ENGINES 
1311.9,30057.7,10,MON CALAMARI ELITE WEAVE 
405.1,16638.8,6,MONCAL IONWEB PROTOTYPE B SHIELD 
1304.0,55829.1,9,RENDILI CRYSTALLINE DURASTEEL PLATING 
1229.1,39209.5,9,KOENSAYR ELITE PLASTISTEEL 
1533.1,39478.2,9,KOENSAYR ELITE PLASTISTEEL 
405.1,13996.1,6,MONCAL IONWEB PROTOTYPE B SHIELD 
1352.3,28500.1,10,MON CALAMARI ELITE WEAVE 
1509.7,27850.9,9,KOENSAYR ELITE PLASTISTEEL 
1409.7,43089.7,9,RENDILI CRYSTALLINE DURASTEEL PLATING 
714.9,54146.3,10,KUAT ENGINEERING SYSTEMS TC-62 ENGINES 
1672.9,40904.1,10,MON CALAMARI ELITE WEAVE 
1444.4,44261.1,10,MANDALMOTORS ENHANCED ELITE COMPOSITE 
298.7,2969.7,4,ALDERAAN ROYAL WEAVE ARMOR 
400.1,2597.8,3,SUBPRO IMPROVED LIGHT PLASTISTEEL 
711.8,52293.0,10,KUAT ENGINEERING SYSTEMS TC-62 ENGINES 
2006.0,46026.7,9,RENDILI CRYSTALLINE DURASTEEL PLATING 
1739.0,30735.5,10,MON CALAMARI ADVANCED WEAVE 
1619.4,17896.3,10,MON CALAMARI ADVANCED WEAVE 
1306.6,22702.5,8,SUBPRO ADVANCED PLASTISTEEL 
738.0,4956.2,5,SOROSUUB HEAVY PLASTISTEEL 
1073.1,36761.8,9,CORELLIAN REINFORCED SUPREME DURASTEEL 
1176.2,35991.8,10,SOROSUUB ELITE PLASTISTEEL 
729.1,54351.3,10,KUAT ENGINEERING SYSTEMS TC-62 ENGINES 
1360.0,28715.4,10,MON CALAMARI ELITE WEAVE 
1839.4,10184.6,10,MON CALAMARI ELITE WEAVE 
407.8,17310.8,6,MONCAL IONWEB PROTOTYPE B SHIELD 
744.3,52969.0,10,KUAT ENGINEERING SYSTEMS TC-62 ENGINES 
394.9,21130.1,6,MONCAL IONWEB PROTOTYPE B SHIELD 
408.7,19480.3,6,MONCAL IONWEB PROTOTYPE B SHIELD 
1378.2,40401.6,9,RENDILI CRYSTALLINE DURASTEEL PLATING 
1099.0,37870.7,10,MON CALAMARI ELITE WEAVE 
411.7,18446.7,6,MONCAL IONWEB PROTOTYPE B SHIELD 
1308.0,38367.7,9,KOENSAYR ELITE PLASTISTEEL 
1248.4,32321.2,9,KOENSAYR ELITE PLASTISTEEL 
575.4,3093.5,4,
180.8,1530.9,2,
512.0,6058.1,5,
746.4,7454.9,6,
150.5,1499.9,2,
967.7,18221.2,7,
176.4,880.0,1,
1423.0,21674.1,8,CORELLIAN IMPROVED ADVANCED DURASTEEL 
456.9,4092.7,4,SIENAR DESIGN SYSTEMS TRI-PLATE ARMOR SYSTEM 
1096.3,12493.5,7,KUAT SYSTEMS ENGINEERING CUSTOMIZED ADVANCED DURASTEEL 
778.7,10863.9,6,MANDALMOTORS DOUBLE INSULATED I5 
202.2,1523.2,2,SOROSUUB IMPROVED LIGHT PLASTISTEEL ARMOR 
159.9,1608.2,2,KUAT SYSTEMS ENGINEERING INTERMEDIATE DURASTEEL PLATING 
384.1,2218.5,3,CYGNUS STANDARD DURASTEEL WEAVE 
147.8,912.4,1,SIENAR COATED PLASTISTEEL ARMOR 
127.0,962.0,1,SIENAR COATED PLASTISTEEL ARMOR 
1163.2,34763.9,9,
378.4,1287.7,3,
195.3,1445.6,2,
144.3,916.0,1,
211.0,880.3,1,
205.1,1436.1,2,
400.1,4361.1,4,
928.8,10727.5,7,KOENSAYR THICK ADVANCED DURASTEEL 
321.3,1527.9,2,KOENSAYR REINFORCED B5 DURASTEEL ARMOR 
1255.5,54863.1,10,MON CALAMARI SUPREME WEAVE 
628.5,3530.8,4,SOROSUUB SPECIAL EDITION INTERMEDIATE DURASTEEL 
1132.2,15122.4,7,SUBPRO HEAVY PLASTISTEEL 
1659.9,47602.1,10,SUBPRO ELITE PLASTISTEEL 
1453.4,49252.4,10,SUBPRO SPECIAL ELITE PLASTISTEEL 
821.5,10992.5,6,KOENSAYR ADVANCED DURASTEEL 
568.8,3333.6,5,KOENSAYR ENHANCED HEAVY DURASTEEL 
1221.2,19347.0,8,MANDALMOTORS REINFORCED ADVANCED COMPOSITE 
449.0,5030.3,4,FREITEK INC. STANDARD ARMOR 
292.3,1484.5,2,BAKTOID G2 SPIDER SHELL ARMOR 
1027.8,28800.3,8,SUBPRO EXPERIMENTAL ADVANCED PLASTISTEEL 
442.6,3939.5,4,ALDERAAN ROYAL WEAVE ARMOR 
1217.3,5450.7,6,MANDALMOTORS ENHANCED HEAVY COMPOSITE 
695.2,10503.9,6,SUBPRO REINFORCED PLASTISTEEL ARMOR 
1200.5,24074.2,8,CORELLIAN IMPROVED ADVANCED DURASTEEL 
784.4,3222.9,5,SOROSUUB HEAVY PLASTISTEEL 
888.2,29957.7,9,KOENSAYR ELITE PLASTISTEEL 
1121.3,30986.5,9,SUBPRO SUPREME PLASTISTEEL 
375.7,5656.4,4,KOENSAYR ENHANCED STANDARD DURASTEEL 
433.5,4258.4,4,FREITEK INC. STANDARD ARMOR 
844.3,14178.8,6,MANDALMOTORS DOUBLE INSULATED I5 
316.4,1777.8,2,RENDILI TOUGH STARSHIP PLATING 
134.7,787.1,1,SIENAR ENHANCED PLASTISTEEL ARMOR 
162.6,837.5,1,SIENAR FLEET SYSTEMS LIGHT DURASTEEL ARMOR 
145.9,779.7,1,SIENAR FLEET SYSTEMS LIGHT DURASTEEL ARMOR 
1186.7,10839.5,6,SUBPRO CORRUGATED DURASTEEL ARMOR 
645.2,3258.2,5,KOENSAYR LIGHT ADVANCED DURASTEEL 
201.1,1026.1,2,KUAT SYSTEMS ENGINEERING MODIFIED LIGHT DURASTEEL 
1587.2,26629.3,8,SUBPRO ADVANCED PLASTISTEEL 
912.7,16737.9,7,KOENSAYR THICK ADVANCED DURASTEEL 
186.0,923.2,1,SIENAR ENHANCED PLASTISTEEL ARMOR 
173.3,1288.5,2,CYGNUS LIGHT ARMOR WEAVE 
157.6,1062.4,1,SIENAR FLEET SYSTEMS LIGHT DURASTEEL ARMOR 
143.4,914.7,1,SIENAR ENHANCED PLASTISTEEL ARMOR 
262.1,1476.8,2,RENDILI TOUGH STARSHIP PLATING 
419.9,4436.9,4,KUAT SYSTEMS ENGINEERING HEAVY DURASTEEL 
188.4,1642.0,2,KUAT SYSTEMS ENGINEERING MODIFIED LIGHT DURASTEEL 
96.4,1077.7,1,SIENAR COATED PLASTISTEEL ARMOR 
830.9,8475.0,6,KOENSAYR ADVANCED DURASTEEL 
692.7,9786.7,6,CORELLIAN HEAVY DURASTEEL 
282.4,4048.5,4,KUAT SYSTEMS ENGINEERING HEAVY DURASTEEL 
568.2,4162.4,5,KOENSAYR LIGHT ADVANCED DURASTEEL 
252.9,1634.9,2,CYGNUS LIGHT ARMOR WEAVE 
169.3,1581.6,2,KUAT SYSTEMS ENGINEERING MODIFIED LIGHT DURASTEEL 
224.5,951.1,1,REPUBLIC SIENAR SYSTEMS LIGHT PLASTISTEEL ARMOR 
1304.7,16476.9,7,SUBPRO LIMITED HEAVY PLASTISTEEL 
158.2,909.9,1,SIENAR FLEET SYSTEMS LIGHT DURASTEEL ARMOR 
141.0,736.9,1,REPUBLIC SIENAR SYSTEMS LIGHT PLASTISTEEL ARMOR 
220.1,1991.4,2,RENDILI TOUGH STARSHIP PLATING 
1101.0,16250.4,7,MANDALMOTORS INSULATED I7 
370.1,1905.8,3,SIENAR FLEET SYSTEMS STANDARD DURASTEEL 
920.7,13313.8,6,SUBPRO REINFORCED PLASTISTEEL ARMOR 
693.6,6473.6,5,SOROSUUB HEAVY PLASTISTEEL 
916.0,4955.7,5,CUSTOMIZED TRILON ARMOR 
749.6,11513.3,6,CORELLIAN SPECIAL STANDARD DURASTEEL 
965.7,11464.3,6,KUAT SYSTEMS ENGINEERING ADVANCED DURASTEEL 
1269.6,9179.9,6,CORELLIAN ENGINEERING CORP. TRIPLATE ARMOR 
211.0,2699.3,3,KUAT SYSTEMS ENGINEERING STANDARD DURASTEEL 
229.1,1889.8,2,KUAT SYSTEMS ENGINEERING MODIFIED LIGHT DURASTEEL 
504.8,4519.7,4,KUAT SYSTEMS ENGINEERING HEAVY DURASTEEL 
213.9,1662.4,2,RENDILI TOUGH STARSHIP PLATING 
133.1,883.9,1,SIENAR ENHANCED PLASTISTEEL ARMOR 
168.0,774.3,1,SIENAR FLEET SYSTEMS LIGHT DURASTEEL ARMOR 
503.7,1988.0,3,CYGNUS STANDARD DURASTEEL WEAVE 
1690.1,23034.8,8,KUAT SYSTEMS ENGINEERING MODIFIED SUPREME DURASTEEL 
214.1,1534.3,2,CYGNUS LIGHT ARMOR WEAVE 
210.7,1628.1,2,RENDILI TOUGH STARSHIP PLATING 
191.0,863.0,1,SIENAR ENHANCED PLASTISTEEL ARMOR 
262.1,1716.9,2,CYGNUS LIGHT ARMOR WEAVE 
952.9,16006.1,7,CORELLIAN ADVANCED DURASTEEL 
861.2,7936.5,6,MANDALMOTORS ENHANCED HEAVY COMPOSITE 
1615.8,27479.5,8,SUBPRO ADVANCED PLASTISTEEL 
1417.3,38078.3,9,MANDALMOTORS SUPREME COMPOSITE 
930.1,11199.3,6,KOENSAYR LIMITED HEAVY DURASTEEL 
448.4,5221.8,5,CUSTOMIZED TRILON ARMOR 
3095.1,39957.1,10,SLAYN AND KORPIL FLEXSTEEL MUI-LAYER ARMOR 
1606.7,42837.9,10,MON CALAMARI SUPREME WEAVE 
942.6,15742.3,7,SUBPRO LIMITED HEAVY PLASTISTEEL 
594.4,11155.6,6,KOENSAYR ADVANCED DURASTEEL 
1784.0,42666.7,9,RENDILI CRYSTALLINE DURASTEEL PLATING 
577.4,5440.9,5,SUBPRO LIGHT PLASTISTEEL ARMOR 
962.3,9573.4,6,KUAT SYSTEMS ENGINEERING LIMITED HEAVY DURASTEEL 
2343.5,50022.0,10,SLAYN AND KORPIL FLEXSTEEL MUI-LAYER ARMOR 
1222.7,17690.2,7,CORELLIAN ADVANCED DURASTEEL 
793.0,4988.9,5,SOROSUUB HEAVY PLASTISTEEL 
918.0,28154.3,9,MANDALMOTORS MODIFIED SUPREME COMPOSITE 
643.9,9244.6,6,CORELLIAN SPECIAL STANDARD DURASTEEL 
856.7,32591.0,9,CORELLIAN ELITE DURASTEEL 
744.1,4426.6,5,SUBPRO LIGHT PLASTISTEEL ARMOR 
1248.6,34525.5,9,SUBPRO SUPREME PLASTISTEEL 
1346.5,29622.7,10,MON CALAMARI ELITE WEAVE 
1465.8,33021.1,9,RENDILI CRYSTALLINE DURASTEEL PLATING 
160.0,585.0,1,INCOM URALIGHT ARMOR PLATING 
1430.6,26986.1,10,MON CALAMARI ELITE WEAVE 
747.5,52864.2,10,KUAT ENGINEERING SYSTEMS TC-62 ENGINES 
1082.7,14026.7,7,KOENSAYR SUPREME DURASTEEL 
400.4,10285.5,6,86 SHOOTING STAR ENGINE 
729.0,49038.2,10,KUAT ENGINEERING SYSTEMS TC-62 ENGINES 
1920.7,46047.5,10,SIENAR DESIGN SYSTEMS IMPERVIOUS IMPERIAL DURASTEEL 
771.8,5675.7,5,MANDALMOTORS HEAVY COMPOSITE 
663.2,4275.2,5,SUBPRO IMPROVED STANDARD DURASTEEL 
702.7,51762.4,10,KUAT ENGINEERING SYSTEMS TC-62 ENGINES 
1382.8,36659.7,10,MON CALAMARI ELITE WEAVE 
1045.3,14861.9,7,
1164.2,28971.1,8,
1456.0,20917.4,8,
968.7,44631.2,9,
1448.7,40829.9,9,SUBPRO SUPREME PLASTISTEEL 
1311.0,25072.8,8,KUAT SYSTEMS ENGINEERING ELITE DURASTEEL 
886.5,7363.7,5,MANDALMOTORS CUSTOM HEAVY COMPOSITE 
975.4,20915.6,8,SUBPRO EXPERIMENTAL ADVANCED PLASTISTEEL 
1212.9,31026.2,9,KOENSAYR ELITE PLASTISTEEL 
234.4,1185.7,2,MON CALAMARI IMPROVED LIGHT DURASTEEL WEAVE 
430.1,2064.7,3,KUAT SYSTEMS ENGINEERING STANDARD DURASTEEL 
1416.5,33613.1,10,MON CALAMARI ELITE WEAVE 
1193.9,44010.3,9,CORELLIAN REINFORCED SUPREME DURASTEEL 
129.6,769.6,1,KOENSAYR B9 DURASTEEL ARMOR 
141.6,976.3,1,CORELLIAN ENGINEERING CORPORATION CHEAP DURASTEEL PLATING 
839.1,10801.9,6,MANDALMOTORS DOUBLE INSULATED I5 
140.5,1551.8,2,MANDALMOTORS MODIFIED J5 COMPOSITE ARMOR 
264.2,1734.3,2,BAKTOID SHOCK ARMOR 
342.0,2178.7,3,MANDALMOTORS J-14 COMPOSITE ARMOR 
225.8,1819.7,2,BAKTOID M PROTOTYPE ARMOR 
905.3,9744.4,6,KUAT SYSTEMS ENGINEERING LIMITED HEAVY DURASTEEL 
1134.2,9403.6,6,SUBPRO REINFORCED PLASTISTEEL ARMOR 
1525.3,46929.8,10,MON CALAMARI SUPREME WEAVE 
1230.5,21418.6,8,SUBPRO ADVANCED PLASTISTEEL 
1167.1,42476.1,9,SOROSUUB ENHANCED ADVANCED PLASTISTEEL 
1242.3,32738.1,8,SUBPRO EXPERIMENTAL ADVANCED PLASTISTEEL 
183.3,1392.8,2,CORELLIAN ENGINEERING CORPORATION LIGHT DURASTEEL 
830.6,32309.4,10,MON CALAMARI ELITE WEAVE 
710.9,52210.7,10,SOROSUUB ELITE PLASTISTEEL 
1365.3,28306.0,9,KOENSAYR ELITE PLASTISTEEL 
1648.4,27115.0,10,SOROSUUB MODIFIED ELITE PLASTISTEEL 
1375.0,48158.9,10,MANDALMOTORS ELITE COMPOSITE 
1378.7,37964.8,10,MON CALAMARI SUPREME WEAVE 
548.4,3489.0,4,KOENSAYR ENHANCED STANDARD DURASTEEL 
874.8,6582.0,5,
326.4,3033.5,4,
423.9,2979.0,3,
261.9,1334.8,2,
456.7,3128.7,4,
679.0,5042.5,5,
201.3,1540.8,2,
396.5,2611.8,3,
150.7,1231.6,2,
159.4,1617.0,2,
413.3,3546.1,4,
436.5,4357.2,4,
404.1,2172.5,3,
254.7,1369.1,2,
