Armor,Mass,Reverse_Engineering_Level,named_component,Reactor_Energy_Drain,Capacitor_Energy,Recharge_Rate
556.6,40813.7,9,SOROSUUB SUPERCHARGED DYNAMO MARK IV CAPACITOR ,1085.2,757.3,27.5
581.9,48326.9,10,KUAT SYSTEMS ENGINEERING ELITE MARK V CAPACITOR ,1062.4,782.3,28.0
318.4,6717.4,5,NOVALDEX SARLACC S3 ,1243.5,508.3,26.5
555.8,46912.7,9,MANDALMOTORS MARK V POWERMASTER CAPACITOR ,1346.7,751.8,31.2
477.1,17303.5,7,SUBPRO DEFIANT C3 CAPACITOR ,1128.4,620.9,27.7
750.7,54234.7,10,QUALDEX EXPERIMENTAL (UNKNOWN MODEL) ,1048.8,962.2,36.9
878.5,56307.2,10,SUBPRO EXPERIMENTAL CAPACITOR (UNKNOWN) ,1673.9,1614.4,45.9
70.2,971.0,1,NOVALDEX SMALL CAPACITOR ,995.0,400.2,17.4
78.3,1054.7,1,SOROSUUB DYNAMO MARK I CAPACITOR ,1061.9,562.3,18.6
173.5,2010.1,3,FREITEK INC. XD-2 CAPACITOR ,926.2,475.9,19.2
465.0,16811.5,7,QUALDEX CONSERVATOR Q7 PROTOTYPE ,1263.7,789.7,27.7
502.5,17730.8,7,CORELLIAN CRUISER-GRADE WEAPONS CAPACITOR CAP5 ,994.1,780.5,24.9
654.3,27252.4,8,MANDALMOTORS RARE MARK IV POWERMASTER CAPACITOR ,1058.9,799.0,32.3
822.4,57192.5,10,Z95 DEEPWELL CAPACITOR (EXPERIMENTAL) ,1271.2,1377.8,45.0
473.5,10274.9,6,KUAT SYSTEMS ENGINEERING SUPERCHARGED MARK III CAPACITOR ,974.4,807.7,38.8
164.9,2558.8,3,SUBPRO VALIANT Z2 CAPACITOR ,1078.4,533.9,22.2
73.4,929.1,1,INCOM MARK I REBEL CAPACITOR ,1108.0,399.5,23.3
70.1,856.2,1,NOVALDEX SMALL CAPACITOR ,920.2,484.4,18.5
178.1,2661.5,3,MON CALAMARI STANDARD CAPACITOR ,1026.5,515.6,27.5
110.7,1644.5,2,SOROSUUB ENHANCED MARK I DYNAMO CAPACITOR ,880.8,723.3,33.8
264.1,4369.7,4,NOVALDEX SARLACC S2 ,1186.9,813.9,35.1
171.4,2427.4,3,NOVALDEX EXPERIMENTAL SARLACC S1 ,928.6,430.3,23.7
117.6,1642.6,2,QUALDEX MISER STANDARD ,1208.1,981.0,26.9
524.7,50169.9,9,CORELLIAN CRUISER-GRADE WEAPONS CAPACITOR CAP10 ,1171.0,896.0,26.5
463.5,10669.9,6,MANDALMOTORS IMPROVED MARK III POWERMASTER CAPACITOR ,972.4,746.9,35.7
71.2,899.6,1,NOVALDEX SMALL CAPACITOR ,1001.1,395.9,21.9
107.6,1940.6,2,INCOM IMPROVED MARK I REBEL CAPACITOR ,942.3,776.5,31.8
116.1,1879.3,2,INCOM IMPROVED MARK I REBEL CAPACITOR ,991.2,739.7,33.3
113.6,1624.2,2,SOROSUUB ENHANCED MARK I DYNAMO CAPACITOR ,1061.6,657.4,36.3
267.7,5209.0,4,QUALDEX CONSERVATOR Q3 ,951.1,889.9,29.0
777.0,54568.5,10,QUALDEX EXPERIMENTAL (UNKNOWN MODEL) ,1141.3,783.9,35.5
163.1,2134.4,3,FREITEK INC. XD-2 CAPACITOR ,1043.2,372.6,20.5
493.0,11633.0,6,KUAT SYSTEMS ENGINEERING SUPERCHARGED MARK III CAPACITOR ,1037.4,890.6,44.4
481.2,11402.9,6,CORELLIAN CRUISER-GRADE WEAPONS CAPACITOR CAP3 ,1608.6,1078.7,37.1
832.1,61415.9,10,NOVALDEX EXPERIMENTAL HIGH-CAPACITOR (UNKNOWN) ,1494.0,1293.6,38.3
262.1,4803.5,4,GALLOFREE -22 CAPACITOR ,1266.3,887.7,44.0
71.3,956.1,1,NOVALDEX SMALL CAPACITOR ,879.5,454.8,19.0
737.4,34041.6,8,KUAT SYSTEMS ENGINEERING LIMITED MARK IV CAPACITOR ,1119.9,985.9,41.8
329.2,6707.4,5,CORELLIAN STANDARD CAPACITOR ,1016.6,629.7,23.4
475.1,10674.1,6,KUAT SYSTEMS ENGINEERING SUPERCHARGED MARK III CAPACITOR ,1130.4,878.5,41.3
569.6,47688.5,9,NOVALDEX WAMPA S3 ,1318.7,757.9,29.8
167.6,2832.7,3,INCOM BJN-825 CAPACITOR ,1356.0,518.2,23.8
477.8,11389.1,6,SOROSUUB DYNAMO MARK III CAPACITOR ,1172.0,1044.5,39.2
160.8,2545.0,3,QUALDEX MISER ELITE ,926.7,467.5,20.2
284.1,4768.4,4,QUALDEX CONSERVATOR Q3 ,1194.5,880.0,35.1
170.2,2658.9,3,INCOM BJN-825 CAPACITOR ,1071.9,617.7,23.2
184.5,3431.2,4,SUBPRO GALLANT A1 CAPACITOR ,711.3,627.0,22.2
879.5,50937.1,10,NOVALDEX EXPERIMENTAL HIGH-CAPACITOR (UNKNOWN) ,1139.5,966.0,45.1
170.1,2692.1,3,NOVALDEX EXPERIMENTAL SARLACC S1 ,1128.7,579.0,25.8
454.8,15485.8,7,(UNKNOWN) WEAPONS CAPACITOR ,1136.8,745.2,24.8
107.0,1718.5,2,QUALDEX MISER STANDARD ,1270.7,804.7,21.8
170.0,2649.9,3,INCOM BJN-825 CAPACITOR ,1121.6,675.5,24.4
656.5,29989.0,8,MANDALMOTORS RARE MARK IV POWERMASTER CAPACITOR ,877.0,999.4,35.8
776.2,53499.1,10,MODIFIED TIE CAPACITOR (ORIGIN UNKNOWN) ,1292.8,1204.1,49.8
69.0,856.5,1,QUALDEX MISER LIGHT ,853.8,477.7,18.9
74.1,1012.6,1,SUBPRO VALIANT Z1 CAPACITOR ,941.1,585.5,22.9
316.8,7606.1,5,CORELLIAN STANDARD CAPACITOR ,1020.4,640.7,21.0
787.5,61895.0,10,CORELLIAN ELITE CAPACITOR ,901.6,681.3,36.3
599.0,26136.2,8,MON CALAMARI ENHANCED ADVANCED CAPACITOR ,1007.3,941.6,33.6
325.5,6678.3,5,NOVALDEX SARLACC S3 ,950.3,476.7,23.9
855.7,58138.2,10,NOVALDEX EXPERIMENTAL HIGH-CAPACITOR (UNKNOWN) ,1414.3,1231.2,43.7
548.8,38678.7,9,QUALDEX CONSERVATOR QX5 ,1282.3,628.4,26.9
176.5,2402.1,3,FREITEK INC. XD-2 CAPACITOR ,1238.0,530.2,17.7
685.0,29912.2,8,NOVALDEX WAMPA S2 ,1283.0,959.9,46.8
292.2,5051.6,4,QUALDEX CONSERVATOR Q3 ,1132.5,717.0,33.7
428.2,15851.7,7,NOVALDEX DELUXE WAMPA S1 ,1111.6,563.6,22.7
824.0,57830.3,10,Z95 DEEPWELL CAPACITOR (EXPERIMENTAL) ,1518.2,1219.8,45.1
168.4,2767.7,3,SUBPRO VALIANT Z2 CAPACITOR ,1091.2,505.8,22.5
849.2,52300.3,10,MANDALMOTORS PROVIDER MODEL P1 ,1263.7,1134.6,43.3
287.4,4535.9,4,QUALDEX CONSERVATOR Q3 ,1317.4,860.0,37.2
824.4,58617.6,10,SUBPRO EXPERIMENTAL CAPACITOR (UNKNOWN) ,1563.4,1597.6,48.8
579.6,40140.4,10,KUAT SYSTEMS ENGINEERING ELITE MARK V CAPACITOR ,660.0,816.8,29.7
316.8,5944.0,5,NOVALDEX SARLACC S3 ,1371.2,628.7,25.2
256.8,4816.3,4,GALLOFREE -22 CAPACITOR ,1059.2,868.7,42.9
447.1,16878.2,7,SOROSUUB TUNED DYNAMO MARK III CAPACITOR ,1242.1,696.6,31.4
474.3,11474.8,6,QUALDEX CONSERVATOR QX2 ,1145.6,957.7,45.9
255.5,4863.5,4,SIENAR DESIGN SYSTEMS SPECIAL IMPERIAL-2 CAPACITOR ,1275.0,930.8,38.5
272.5,5012.2,4,GALLOFREE -22 CAPACITOR ,960.0,771.0,41.4
256.7,4267.7,4,GALLOFREE -22 CAPACITOR ,934.3,605.5,39.3
490.2,12128.9,6,SOROSUUB DYNAMO MARK III CAPACITOR ,1069.8,1081.3,42.8
258.4,4309.1,4,SIENAR DESIGN SYSTEMS SPECIAL IMPERIAL-2 CAPACITOR ,1230.3,872.8,37.2
805.8,63419.8,10,Z95 DEEPWELL CAPACITOR (EXPERIMENTAL) ,1188.2,1095.5,47.7
477.5,10594.3,6,QUALDEX CONSERVATOR QX2 ,1236.4,860.2,42.9
479.7,12120.3,6,SOROSUUB DYNAMO MARK III CAPACITOR ,1272.4,1044.2,42.2
877.3,52393.1,10,MON CALAMARI DELUXE ELITE CAPACITOR ,1597.2,1151.4,47.1
395.9,35904.4,9,KOENSAYR MARK V CAPACITOR ,781.6,554.7,19.3
565.7,43737.8,9,SOROSUUB SUPERCHARGED DYNAMO MARK IV CAPACITOR ,1203.4,705.7,23.9
709.8,32216.4,8,KOENSAYR DELUXE MARK IV CAPACITOR ,996.9,931.4,38.8
164.2,2335.3,3,QUALDEX MISER ELITE ,1042.6,531.8,19.4
814.0,60337.8,10,Z95 DEEPWELL CAPACITOR (EXPERIMENTAL) ,1457.7,1232.1,48.3
821.5,49571.7,10,KOENSAYR ELITE MARK V CAPACITOR ,1336.5,1016.2,44.5
452.0,17210.3,7,QUALDEX CONSERVATOR QX3 ,1299.5,844.2,27.9
763.2,47153.4,10,QUALDEX EXPERIMENTAL (UNKNOWN MODEL) ,1144.6,977.2,33.6
663.0,31540.3,8,QUALDEX CONSERVATOR QX4 ,1091.5,742.4,33.3
645.5,30064.1,8,MANDALMOTORS RARE MARK IV POWERMASTER CAPACITOR ,1019.7,924.0,39.7
459.5,9653.9,6,MANDALMOTORS IMPROVED MARK III POWERMASTER CAPACITOR ,1070.1,824.4,38.8
502.6,46702.6,9,KUAT SYSTEMS ENGINEERING MARK V CAPACITOR ,1140.5,634.6,18.3
854.5,61405.2,10,KOENSAYR ELITE MARK V CAPACITOR ,1400.4,1092.4,41.9
265.4,4183.0,4,NOVALDEX SARLACC S2 ,1238.5,820.1,32.5
599.3,40055.1,10,KUAT SYSTEMS ENGINEERING ELITE MARK V CAPACITOR ,852.3,727.6,33.0
546.4,47048.2,9,SUBPRO DAUNTLESS Z5 CAPACITOR ,1173.9,624.9,37.4
477.1,18243.4,7,QUALDEX CONSERVATOR Q7 PROTOTYPE ,1226.3,575.0,29.0
393.4,36061.7,9,KOENSAYR MARK V CAPACITOR ,728.1,492.3,18.3
484.6,11625.6,6,QUALDEX CONSERVATOR QX2 ,1157.0,1011.7,41.6
158.4,2600.4,3,QUALDEX MISER ELITE ,963.8,488.0,21.6
774.3,31411.3,8,CORELLIAN CRUISER-GRADE WEAPONS CAPACITOR CAP9 ,1235.0,1062.4,38.2
312.7,14312.7,7,KUAT SYSTEMS ENGINEERING MARK IV CAPACITOR ,720.3,490.2,16.2
597.5,47034.4,9,MON CALAMARI ELITE CAPACITOR ,1143.4,803.9,29.2
179.4,2634.9,3,KOENSAYR IMPROVED LIGHT CAPACITOR ,1196.7,584.9,30.2
894.8,61612.3,10,NOVALDEX EXPERIMENTAL HIGH-CAPACITOR (UNKNOWN) ,1291.2,1003.8,44.5
458.3,11019.3,6,SUBPRO MODIFIED DEFIANT C1 CAPACITOR ,900.0,912.0,37.6
330.4,13605.6,7,KUAT SYSTEMS ENGINEERING MARK IV CAPACITOR ,900.8,421.5,19.6
464.6,16711.3,7,QUALDEX CONSERVATOR Q7 PROTOTYPE ,1153.8,603.5,28.2
329.9,7680.0,6,MON CALAMARI MODIFIED HEAVY CAPACITOR ,802.9,553.6,28.5
813.3,45847.7,10,SOROSUUB FLASH CAPACITOR ,1095.5,1063.9,43.5
179.8,2738.9,3,INCOM BJN-825 CAPACITOR ,1283.1,633.0,25.7
233.8,9484.9,4,MON CALAMARI MODIFIED STANDARD CAPACITOR ,1045.4,747.1,28.5
305.4,6962.0,5,KUAT SYSTEMS ENGINEERING MARK III CAPACITOR ,1084.7,664.5,20.4
186.7,2995.4,3,KOENSAYR IMPROVED LIGHT CAPACITOR ,1000.7,459.3,24.2
257.9,4340.4,4,NOVALDEX SARLACC S2 ,1091.5,938.4,36.5
314.9,6766.2,5,CORELLIAN STANDARD CAPACITOR ,975.9,514.1,23.6
111.5,1541.2,2,SUBPRO IMPROVED VALIANT Z1 CAPACITOR ,1058.2,724.5,28.6
110.4,1775.5,2,SOROSUUB ENHANCED MARK I DYNAMO CAPACITOR ,953.9,893.9,32.8
321.6,6448.8,5,QUALDEX CONSERVATOR QX1 ELITE ,1016.1,519.4,25.0
474.5,16615.8,7,QUALDEX CONSERVATOR QX3 ,1347.0,998.7,25.4
171.0,2487.7,3,NOVALDEX EXPERIMENTAL SARLACC S1 ,1106.1,479.2,21.9
455.7,12201.8,6,QUALDEX CONSERVATOR QX2 ,1147.4,847.9,46.0
114.0,1673.3,2,NOVALDEX SARLACC S1 ,1026.6,844.5,27.9
729.2,33712.9,8,KOENSAYR DELUXE MARK IV CAPACITOR ,1286.9,771.6,46.3
288.3,4482.3,4,QUALDEX CONSERVATOR Q3 ,1048.0,920.5,31.9
467.6,12613.9,6,KOENSAYR TUNED MARK III CAPACITOR ,957.9,909.4,38.1
223.0,5169.8,5,SOROSUUB TURBO WEAPONS CAPACITOR ,719.2,468.4,18.0
479.5,9845.2,6,MANDALMOTORS IMPROVED MARK III POWERMASTER CAPACITOR ,952.7,851.4,33.8
484.5,10051.8,6,MANDALMOTORS IMPROVED MARK III POWERMASTER CAPACITOR ,1068.4,912.4,40.9
246.2,4753.5,4,INCOM SPECIAL BJN-825 CAPACITOR ,1133.6,854.7,36.0
353.0,7274.1,5,SUBPRO DEFIANT C1 CAPACITOR ,1029.3,660.1,26.0
481.9,12268.0,6,QUALDEX CONSERVATOR QX2 ,993.9,1012.1,47.1
111.6,1911.4,2,SOROSUUB ENHANCED MARK I DYNAMO CAPACITOR ,1157.7,741.5,32.3
290.7,6973.1,5,KOENSAYR MARK III CAPACITOR ,1298.2,482.3,19.6
671.6,34246.7,8,SOROSUUB DYNAMO MARK IV CAPACITOR ,1236.4,925.3,41.8
73.4,826.4,1,INCOM MARK I REBEL CAPACITOR ,1020.4,479.3,20.1
334.0,9749.0,6,MON CALAMARI MODIFIED HEAVY CAPACITOR ,1036.5,604.5,31.9
737.8,35628.8,8,KUAT SYSTEMS ENGINEERING LIMITED MARK IV CAPACITOR ,1203.8,974.6,40.6
787.1,52984.2,10,SOROSUUB FLASH CAPACITOR ,1153.0,1018.5,45.5
457.4,17062.8,7,SUBPRO DEFIANT C3 CAPACITOR ,1281.9,623.6,31.3
177.9,2698.4,3,KOENSAYR IMPROVED LIGHT CAPACITOR ,1053.0,451.2,22.6
176.7,1810.6,3,FREITEK INC. XD-2 CAPACITOR ,1013.5,509.5,22.4
167.2,2348.4,3,INCOM BJN-825 CAPACITOR ,1058.7,577.3,26.7
166.0,2410.3,3,QUALDEX MISER ELITE ,1333.3,483.5,17.5
169.1,2582.8,3,SOROSUUB DYNAMO MARK II CAPACITOR ,1184.7,488.5,21.9
152.2,2627.4,3,MANDALMOTORS MARK II POWERMASTER CAPACITOR ,773.1,469.7,20.0
113.2,1634.7,2,QUALDEX MISER STANDARD ,1308.4,864.8,28.0
231.0,8261.4,4,MON CALAMARI MODIFIED STANDARD CAPACITOR ,850.9,574.7,32.7
111.4,1892.4,2,SOROSUUB ENHANCED MARK I DYNAMO CAPACITOR ,1135.7,815.3,34.1
573.5,45970.3,9,CORELLIAN CRUISER-GRADE WEAPONS CAPACITOR CAP10 ,1074.1,770.9,23.1
80.5,1220.2,2,KUAT SYSTEMS ENGINEERING LIMITED MARK I CAPACITOR ,743.6,575.9,21.7
696.6,30926.2,8,SUBPRO DAUNTLESS Z3 CAPACITOR ,1181.2,1057.4,45.4
345.1,9405.0,6,MON CALAMARI MODIFIED HEAVY CAPACITOR ,707.7,572.8,22.3
817.6,53978.2,10,KOENSAYR ELITE MARK V CAPACITOR ,1181.2,991.8,43.7
183.9,3301.3,4,SUBPRO GALLANT A1 CAPACITOR ,565.8,633.5,26.9
324.6,11729.7,7,KUAT SYSTEMS ENGINEERING MARK IV CAPACITOR ,730.6,521.5,18.4
289.7,6413.0,5,KOENSAYR MARK III CAPACITOR ,991.7,460.8,19.2
832.1,57386.8,10,MODIFIED TIE CAPACITOR (ORIGIN UNKNOWN) ,1168.3,972.1,49.3
309.2,7108.9,5,MANDALMOTORS MARK III POWERMASTER CAPACITOR ,993.2,595.2,25.6
818.9,59414.0,10,MODIFIED TIE CAPACITOR (ORIGIN UNKNOWN) ,994.8,1071.3,53.6
473.0,19201.5,7,SUBPRO DEFIANT C2 CAPACITOR ,1287.9,639.4,27.4
265.4,4657.4,4,INCOM SPECIAL BJN-825 CAPACITOR ,1268.1,1181.5,24.0
820.1,55493.5,10,MODIFIED TIE CAPACITOR (ORIGIN UNKNOWN) ,1318.4,953.5,57.3
255.2,4705.0,4,INCOM SPECIAL BJN-825 CAPACITOR ,1386.7,916.9,34.7
871.3,58893.5,10,MODIFIED TIE CAPACITOR (ORIGIN UNKNOWN) ,1467.7,1146.9,57.5
239.3,4728.8,4,INCOM SPECIAL BJN-825 CAPACITOR ,1269.6,1045.6,27.3
471.6,11597.2,6,CORELLIAN CRUISER-GRADE WEAPONS CAPACITOR CAP3 ,1350.8,1050.9,36.1
861.8,66208.8,10,NOVALDEX EXPERIMENTAL HIGH-CAPACITOR (UNKNOWN) ,1264.0,1302.9,43.6
553.7,44547.8,9,ARMEK ELITE CAPACITOR ARRAY ,1067.0,784.9,33.0
595.3,45983.6,10,KUAT SYSTEMS ENGINEERING ELITE MARK V CAPACITOR ,994.8,667.7,28.4
257.6,4730.4,4,INCOM SPECIAL BJN-825 CAPACITOR ,1325.2,844.1,29.7
244.8,4513.9,4,INCOM SPECIAL BJN-825 CAPACITOR ,1373.1,1038.0,39.0
263.9,4525.7,4,INCOM SPECIAL BJN-825 CAPACITOR ,1094.5,1002.6,31.1
828.2,61561.9,10,INCOM DEEPWELL PROTOTYPE K-33 PROTOTYPE CAPACITOR ,1013.8,814.2,42.3
260.5,4531.3,4,INCOM SPECIAL BJN-825 CAPACITOR ,1421.8,983.6,30.2
726.5,30404.3,8,SUBPRO DAUNTLESS Z3 CAPACITOR ,1325.4,883.3,35.3
474.5,12409.0,6,CORELLIAN CRUISER-GRADE WEAPONS CAPACITOR CAP3 ,1383.3,1230.9,39.3
506.5,12350.8,6,NOVALDEX WAMPA S1 ,1138.3,1043.1,36.5
168.3,2458.5,3,QUALDEX MISER ELITE ,928.3,480.8,20.2
459.8,11940.7,6,SOROSUUB DYNAMO MARK III CAPACITOR ,1256.6,1030.9,41.5
156.1,2234.0,3,MANDALMOTORS MARK II POWERMASTER CAPACITOR ,996.5,548.9,18.0
79.0,964.1,1,SOROSUUB DYNAMO MARK I CAPACITOR ,1062.2,461.3,19.0
80.9,855.9,1,SOROSUUB DYNAMO MARK I CAPACITOR ,1047.1,597.6,21.6
297.4,6481.3,5,KOENSAYR MARK III CAPACITOR ,1074.3,519.9,17.9
261.9,4446.1,4,NOVALDEX SARLACC S2 ,1170.2,805.4,38.3
253.7,4256.9,4,INCOM SPECIAL BJN-825 CAPACITOR ,1261.6,1003.4,36.5
599.5,37213.8,10,KUAT SYSTEMS ENGINEERING ELITE MARK V CAPACITOR ,879.3,874.1,29.5
812.4,53751.1,10,MODIFIED TIE CAPACITOR (ORIGIN UNKNOWN) ,1474.5,1040.2,52.0
708.6,31521.8,8,SOROSUUB DYNAMO MARK IV CAPACITOR ,1175.5,1203.0,39.6
809.3,55960.6,10,Z95 DEEPWELL CAPACITOR (EXPERIMENTAL) ,1515.6,1366.8,53.5
681.6,30779.2,8,MANDALMOTORS RARE MARK IV POWERMASTER CAPACITOR ,1095.0,920.8,41.9
467.5,17732.1,7,MANDALMOTORS MARK IV POWERMASTER CAPACITOR ,1243.0,727.6,28.2
845.7,56775.5,10,Z95 DEEPWELL CAPACITOR (EXPERIMENTAL) ,1316.0,1218.1,48.7
819.7,57180.5,10,MODIFIED TIE CAPACITOR (ORIGIN UNKNOWN) ,1379.1,1073.0,49.7
453.3,11456.9,6,CORELLIAN CRUISER-GRADE WEAPONS CAPACITOR CAP3 ,1344.4,916.7,36.8
842.7,59484.8,10,MODIFIED TIE CAPACITOR (ORIGIN UNKNOWN) ,1434.8,1371.5,49.8
473.1,11974.7,6,CORELLIAN CRUISER-GRADE WEAPONS CAPACITOR CAP3 ,1365.7,1149.7,40.5
572.5,41401.5,10,KUAT SYSTEMS ENGINEERING ELITE MARK V CAPACITOR ,915.7,703.0,29.0
570.7,42207.5,10,KUAT SYSTEMS ENGINEERING ELITE MARK V CAPACITOR ,606.2,818.2,28.4
473.3,12642.8,6,CORELLIAN CRUISER-GRADE WEAPONS CAPACITOR CAP3 ,1163.7,1179.3,37.4
572.6,38273.6,10,KUAT SYSTEMS ENGINEERING ELITE MARK V CAPACITOR ,870.8,655.9,32.6
815.9,53322.3,10,Z95 DEEPWELL CAPACITOR (EXPERIMENTAL) ,1109.2,1226.5,46.4
565.7,42902.6,10,KUAT SYSTEMS ENGINEERING ELITE MARK V CAPACITOR ,764.9,746.8,30.5
306.6,6352.3,5,KUAT SYSTEMS ENGINEERING MARK III CAPACITOR ,1138.2,611.0,25.2
857.7,54511.3,10,MODIFIED TIE CAPACITOR (ORIGIN UNKNOWN) ,1167.1,1159.7,55.0
459.4,11134.8,6,MANDALMOTORS IMPROVED MARK III POWERMASTER CAPACITOR ,1110.5,838.2,30.2
829.0,59219.5,10,MODIFIED TIE CAPACITOR (ORIGIN UNKNOWN) ,1001.3,1164.2,59.5
824.7,57270.0,10,MODIFIED TIE CAPACITOR (ORIGIN UNKNOWN) ,1264.4,1130.3,53.2
471.9,19867.5,7,CORELLIAN CRUISER-GRADE WEAPONS CAPACITOR CAP5 ,1126.6,686.4,31.5
506.3,18385.2,7,CORELLIAN CRUISER-GRADE WEAPONS CAPACITOR CAP5 ,1114.9,699.9,25.4
816.9,54110.7,10,SUBPRO EXPERIMENTAL CAPACITOR (UNKNOWN) ,1435.4,1208.9,50.7
586.1,47966.3,10,KUAT SYSTEMS ENGINEERING ELITE MARK V CAPACITOR ,849.6,700.8,29.0
854.5,55362.8,10,MODIFIED TIE CAPACITOR (ORIGIN UNKNOWN) ,1339.3,1042.3,53.3
578.1,44861.1,10,KUAT SYSTEMS ENGINEERING ELITE MARK V CAPACITOR ,859.7,825.9,33.0
453.3,12606.1,6,CORELLIAN CRUISER-GRADE WEAPONS CAPACITOR CAP3 ,1442.6,1110.8,35.1
530.2,44337.9,9,SUBPRO DAUNTLESS Z5 CAPACITOR ,1124.7,678.3,36.7
262.6,4054.0,4,INCOM SPECIAL BJN-825 CAPACITOR ,1447.8,1210.2,29.3
559.9,41879.3,10,KUAT SYSTEMS ENGINEERING ELITE MARK V CAPACITOR ,886.3,937.5,26.4
501.2,18294.1,7,CORELLIAN CRUISER-GRADE WEAPONS CAPACITOR CAP5 ,914.0,717.1,28.8
307.6,7530.4,5,KOENSAYR MARK III CAPACITOR ,1160.0,525.1,20.3
467.1,15710.3,7,KOENSAYR MARK IV CAPACITOR ,1280.8,642.4,19.6
462.1,11889.2,6,CORELLIAN CRUISER-GRADE WEAPONS CAPACITOR CAP3 ,891.1,1022.5,38.0
597.4,41114.4,10,KUAT SYSTEMS ENGINEERING ELITE MARK V CAPACITOR ,980.4,802.4,25.1
260.4,4182.4,4,INCOM SPECIAL BJN-825 CAPACITOR ,1214.3,1118.3,30.2
844.6,53587.9,10,Z95 DEEPWELL CAPACITOR (EXPERIMENTAL) ,1292.0,1599.6,49.0
595.1,38868.1,10,KUAT SYSTEMS ENGINEERING ELITE MARK V CAPACITOR ,795.3,648.0,31.3
491.0,12966.3,6,NOVALDEX WAMPA S1 ,1015.3,907.0,36.9
591.3,38802.2,10,KUAT SYSTEMS ENGINEERING ELITE MARK V CAPACITOR ,953.2,815.3,32.5
261.4,4213.6,4,INCOM SPECIAL BJN-825 CAPACITOR ,1166.0,996.6,35.1
480.9,8010.4,6,SOROSUUB V-1 WEAPON CAPACITOR ,865.3,807.4,32.2
812.5,54586.4,10,MODIFIED TIE CAPACITOR (ORIGIN UNKNOWN) ,1484.6,948.0,53.3
269.9,4271.8,4,INCOM SPECIAL BJN-825 CAPACITOR ,968.2,813.2,33.5
565.4,50979.8,9,AIM & BAK HYPERCHARGER ELITE CAPACITOR ,1190.4,845.4,29.7
265.5,4476.5,4,INCOM SPECIAL BJN-825 CAPACITOR ,1333.3,1217.3,33.3
322.1,5955.2,5,NOVALDEX SARLACC S3 ,997.1,468.5,25.3
575.9,41177.2,10,KUAT SYSTEMS ENGINEERING ELITE MARK V CAPACITOR ,741.4,584.8,34.8
907.3,59384.9,10,NOVALDEX EXPERIMENTAL HIGH-CAPACITOR (UNKNOWN) ,1187.8,1210.2,51.4
811.0,54772.8,10,Z95 DEEPWELL CAPACITOR (EXPERIMENTAL) ,1471.6,1314.9,45.9
258.2,5093.6,4,INCOM SPECIAL BJN-825 CAPACITOR ,1219.8,1135.5,31.8
583.3,41017.0,10,KUAT SYSTEMS ENGINEERING ELITE MARK V CAPACITOR ,744.7,770.3,32.0
542.4,40656.9,9,SOROSUUB SUPERCHARGED DYNAMO MARK IV CAPACITOR ,991.8,593.4,26.7
595.1,42225.3,10,KUAT SYSTEMS ENGINEERING ELITE MARK V CAPACITOR ,876.1,807.7,30.6
828.5,55232.4,10,MODIFIED TIE CAPACITOR (ORIGIN UNKNOWN) ,1321.3,1297.8,50.0
408.5,34474.0,9,KOENSAYR MARK V CAPACITOR ,1005.1,528.1,18.8
896.9,58860.7,10,MON CALAMARI DELUXE ELITE CAPACITOR ,1434.0,964.9,42.8
477.3,16555.3,7,SOROSUUB TUNED DYNAMO MARK III CAPACITOR ,1209.3,623.1,31.7
473.9,12336.1,6,CORELLIAN CRUISER-GRADE WEAPONS CAPACITOR CAP3 ,1256.5,1113.9,37.6
455.9,6802.8,6,SOROSUUB V-1 WEAPON CAPACITOR ,1178.3,806.5,32.0
781.1,59727.2,10,CORELLIAN ELITE CAPACITOR ,1374.9,1082.8,35.5
480.5,9009.2,6,SUBPRO MODIFIED DEFIANT C1 CAPACITOR ,1037.6,704.3,33.7
462.2,9309.4,6,QUALDEX CAPACITOR BAERY ARRAY ,1039.5,719.7,33.5
544.3,48597.0,9,NOVALDEX WAMPA S3 ,1328.7,739.8,30.7
807.4,50656.8,10,MODIFIED TIE CAPACITOR (ORIGIN UNKNOWN) ,1164.3,1101.8,51.9
570.9,38915.2,10,KUAT SYSTEMS ENGINEERING ELITE MARK V CAPACITOR ,929.1,679.6,26.7
585.8,41658.2,10,KUAT SYSTEMS ENGINEERING ELITE MARK V CAPACITOR ,1077.8,817.0,31.9
701.9,30094.2,8,SOROSUUB DYNAMO MARK IV CAPACITOR ,1304.5,1041.6,40.5
466.6,12323.8,6,CORELLIAN CRUISER-GRADE WEAPONS CAPACITOR CAP3 ,1123.6,1023.2,35.8
485.6,12530.2,6,CORELLIAN CRUISER-GRADE WEAPONS CAPACITOR CAP3 ,1126.1,1243.2,37.7
839.1,60873.7,10,Z95 DEEPWELL CAPACITOR (EXPERIMENTAL) ,1175.6,1242.8,47.1
255.6,4614.3,4,INCOM SPECIAL BJN-825 CAPACITOR ,1058.2,884.2,26.5
477.1,10718.5,6,CORELLIAN CRUISER-GRADE WEAPONS CAPACITOR CAP3 ,1473.6,1138.2,30.6
471.4,11805.8,6,KOENSAYR TUNED MARK III CAPACITOR ,1112.5,910.7,41.7
489.0,11483.2,6,CORELLIAN CRUISER-GRADE WEAPONS CAPACITOR CAP3 ,1114.2,1177.4,37.6
830.9,61304.7,10,Z95 DEEPWELL CAPACITOR (EXPERIMENTAL) ,1339.4,1197.8,45.0
641.1,29752.9,8,MON CALAMARI ENHANCED ADVANCED CAPACITOR ,1128.3,932.5,32.5
924.8,51407.9,10,MON CALAMARI DELUXE ELITE CAPACITOR ,1118.1,819.2,42.5
309.0,5919.0,5,KUAT SYSTEMS ENGINEERING MARK III CAPACITOR ,1060.0,633.4,25.4
825.5,52636.9,10,Z95 DEEPWELL CAPACITOR (EXPERIMENTAL) ,1152.4,1139.1,51.4
822.0,54710.3,10,MODIFIED TIE CAPACITOR (ORIGIN UNKNOWN) ,1452.9,1106.6,52.6
254.0,5090.6,4,INCOM SPECIAL BJN-825 CAPACITOR ,1237.4,1094.1,29.9
473.2,11889.8,6,SOROSUUB DYNAMO MARK III CAPACITOR ,1212.9,1159.1,41.6
585.9,43326.4,10,KUAT SYSTEMS ENGINEERING ELITE MARK V CAPACITOR ,831.2,772.6,24.8
548.7,45449.3,9,SIENAR FLEET SYSTEMS CAPACITOR ARRAY ,1200.3,600.9,32.7
253.6,4603.6,4,INCOM SPECIAL BJN-825 CAPACITOR ,1132.4,984.2,28.0
476.2,12824.6,6,CORELLIAN CRUISER-GRADE WEAPONS CAPACITOR CAP3 ,1259.5,1006.6,40.2
647.4,28669.1,8,MON CALAMARI ENHANCED ADVANCED CAPACITOR ,1051.8,847.4,37.0
464.9,10922.6,6,MANDALMOTORS IMPROVED MARK III POWERMASTER CAPACITOR ,1265.9,826.2,36.5
809.1,59694.7,10,Z95 DEEPWELL CAPACITOR (EXPERIMENTAL) ,1560.6,1162.2,46.7
487.2,12485.3,6,CORELLIAN CRUISER-GRADE WEAPONS CAPACITOR CAP3 ,1414.4,1021.1,38.3
323.5,9675.6,6,MON CALAMARI MODIFIED HEAVY CAPACITOR ,786.9,560.4,26.1
515.1,43147.7,9,KUAT SYSTEMS ENGINEERING MARK V CAPACITOR ,1149.3,699.6,23.2
836.5,54549.9,10,Z95 DEEPWELL CAPACITOR (EXPERIMENTAL) ,1430.3,1133.6,47.5
675.1,29229.6,8,NOVALDEX WAMPA S2 ,1096.8,1000.9,48.4
175.6,2538.6,3,NOVALDEX EXPERIMENTAL SARLACC S1 ,975.5,627.6,25.0
448.2,11515.2,6,KUAT SYSTEMS ENGINEERING SUPERCHARGED MARK III CAPACITOR ,1043.4,952.7,31.1
266.9,4298.5,4,NOVALDEX SARLACC S2 ,1186.7,835.4,33.0
484.7,13206.5,6,SOROSUUB DYNAMO MARK III CAPACITOR ,1205.8,821.0,39.0
890.0,52923.7,10,MON CALAMARI DELUXE ELITE CAPACITOR ,1244.5,1228.1,47.1
242.7,4474.9,4,SOROSUUB PREMIUM DYNAMO MARK II CAPACITOR ,1169.7,722.3,34.5
543.3,41367.6,9,NOVALDEX WAMPA S3 ,1190.8,710.2,32.8
689.2,30207.0,8,KOENSAYR DELUXE MARK IV CAPACITOR ,1214.3,931.8,43.1
570.2,51235.6,9,MANDALMOTORS MARK V POWERMASTER CAPACITOR ,1210.0,667.5,29.0
178.8,3044.1,3,KOENSAYR IMPROVED LIGHT CAPACITOR ,1069.0,585.6,20.9
806.8,58138.4,10,Z95 DEEPWELL CAPACITOR (EXPERIMENTAL) ,1203.6,1210.6,47.2
483.5,10281.7,6,CORELLIAN CRUISER-GRADE WEAPONS CAPACITOR CAP3 ,1310.7,1179.7,32.8
460.4,10576.0,6,KUAT SYSTEMS ENGINEERING SUPERCHARGED MARK III CAPACITOR ,1068.4,986.0,40.8
807.4,56220.2,10,Z95 DEEPWELL CAPACITOR (EXPERIMENTAL) ,1212.4,1246.9,48.4
725.3,49485.6,10,QUALDEX EXPERIMENTAL (UNKNOWN MODEL) ,892.5,871.8,31.5
173.4,2672.7,3,SOROSUUB DYNAMO MARK II CAPACITOR ,1257.3,575.0,22.1
324.4,13895.6,7,KUAT SYSTEMS ENGINEERING MARK IV CAPACITOR ,830.8,430.9,21.5
543.8,51250.8,9,SUBPRO DAUNTLESS Z5 CAPACITOR ,1133.3,727.7,39.6
229.7,9931.0,4,MON CALAMARI MODIFIED STANDARD CAPACITOR ,1176.6,848.9,28.9
835.6,57272.8,10,MODIFIED TIE CAPACITOR (ORIGIN UNKNOWN) ,1250.3,839.3,52.7
562.8,42221.9,10,KUAT SYSTEMS ENGINEERING ELITE MARK V CAPACITOR ,904.1,763.7,33.0
612.1,48439.3,9,MON CALAMARI ELITE CAPACITOR ,1281.8,983.0,35.8
467.1,12319.2,6,QUALDEX CONSERVATOR QX2 ,1077.0,1055.7,37.9
487.9,14057.9,7,MON CALAMARI ADVANCED CAPACITOR ,963.2,731.9,21.7
259.9,4761.1,4,INCOM SPECIAL BJN-825 CAPACITOR ,1169.8,1141.2,36.9
826.2,45038.4,10,SOROSUUB FLASH CAPACITOR ,1209.5,1114.1,39.9
830.5,59401.1,10,SIENAR DESIGN SYSTEMS IMPERIAL FINEST CAPACITOR ,1185.2,1038.2,41.9
753.9,36787.7,8,KUAT SYSTEMS ENGINEERING LIMITED MARK IV CAPACITOR ,1039.3,826.5,35.1
759.1,29653.3,8,CORELLIAN CRUISER-GRADE WEAPONS CAPACITOR CAP9 ,1190.4,993.3,33.0
641.3,31837.4,8,MANDALMOTORS RARE MARK IV POWERMASTER CAPACITOR ,1032.6,745.0,31.4
806.4,54792.3,10,MODIFIED TIE CAPACITOR (ORIGIN UNKNOWN) ,1126.6,1138.6,53.7
852.9,62581.3,10,MANDALMOTORS POWERSOAK (ORIGINAL) ,1068.8,1082.3,44.4
567.0,42632.4,10,KUAT SYSTEMS ENGINEERING ELITE MARK V CAPACITOR ,988.5,726.9,31.6
474.9,18467.5,7,MANDALMOTORS MARK IV POWERMASTER CAPACITOR ,1167.4,652.7,28.2
877.2,55068.2,10,NOVALDEX EXPERIMENTAL HIGH-CAPACITOR (UNKNOWN) ,1299.7,1352.4,36.0
794.1,31406.4,8,CORELLIAN CRUISER-GRADE WEAPONS CAPACITOR CAP9 ,1168.5,1205.1,42.2
876.7,61386.8,10,NOVALDEX EXPERIMENTAL HIGH-CAPACITOR (UNKNOWN) ,1226.1,1031.1,39.8
742.9,31970.0,8,KUAT SYSTEMS ENGINEERING LIMITED MARK IV CAPACITOR ,1135.8,1154.4,42.9
484.9,12888.4,6,QUALDEX CONSERVATOR QX2 ,1197.9,1034.9,40.8
809.2,56160.4,10,Z95 DEEPWELL CAPACITOR (EXPERIMENTAL) ,1482.2,1051.8,47.8
795.4,63177.6,10,MANDALMOTORS POWERSOAK (ORIGINAL) ,1183.6,1084.2,51.5
823.6,48027.8,10,MANDALMOTORS PROVIDER MODEL P1 ,1265.9,1036.0,39.7
873.4,61662.4,10,NOVALDEX EXPERIMENTAL HIGH-CAPACITOR (UNKNOWN) ,1176.8,1013.8,52.0
316.4,7010.9,5,MON CALAMARI HEAVY CAPACITOR ,1132.0,570.9,25.5
470.2,21721.1,7,SOROSUUB TUNED DYNAMO MARK III CAPACITOR ,1114.2,537.2,30.8
782.6,54829.9,10,Z95 DEEPWELL CAPACITOR (EXPERIMENTAL) ,1335.0,1289.4,47.8
338.8,8416.6,6,MON CALAMARI MODIFIED HEAVY CAPACITOR ,776.7,696.8,26.8
467.2,15735.7,7,MON CALAMARI ADVANCED CAPACITOR ,1338.8,650.1,19.7
824.1,55484.2,10,Z95 DEEPWELL CAPACITOR (EXPERIMENTAL) ,1153.7,1293.9,49.8
572.3,43074.2,10,KUAT SYSTEMS ENGINEERING ELITE MARK V CAPACITOR ,784.1,661.8,34.3
220.1,4937.7,5,SOROSUUB TURBO WEAPONS CAPACITOR ,750.0,469.9,14.9
547.7,48892.8,9,CORELLIAN CRUISER-GRADE WEAPONS CAPACITOR CAP10 ,1097.3,685.1,29.3
549.3,52908.3,9,IE ELITE CAPACITOR MARK 3 ,1239.8,850.2,24.1
423.5,18430.5,7,(UNKNOWN) WEAPONS CAPACITOR ,1173.4,554.5,20.7
480.3,11377.3,6,CORELLIAN CRUISER-GRADE WEAPONS CAPACITOR CAP3 ,1373.8,1229.7,36.8
259.2,4269.5,4,INCOM SPECIAL BJN-825 CAPACITOR ,1179.1,961.8,34.7
844.0,55766.8,10,MODIFIED TIE CAPACITOR (ORIGIN UNKNOWN) ,1058.8,1086.4,57.5
778.4,52976.2,10,MODIFIED TIE CAPACITOR (ORIGIN UNKNOWN) ,1147.9,1230.9,52.9
569.7,39256.1,10,KUAT SYSTEMS ENGINEERING ELITE MARK V CAPACITOR ,871.0,784.9,33.5
304.2,7073.7,5,NOVALDEX SARLACC S3 ,990.0,684.9,23.0
498.3,11705.6,6,NOVALDEX WAMPA S1 ,1178.5,1043.5,43.3
831.0,54128.0,10,Z95 DEEPWELL CAPACITOR (EXPERIMENTAL) ,1205.5,1114.6,48.4
466.0,8239.7,6,QUALDEX CAPACITOR BAERY ARRAY ,989.8,661.4,32.0
833.3,54647.6,10,INCOM DEEPWELL PROTOTYPE K-33 PROTOTYPE CAPACITOR ,1107.9,1100.8,37.3
255.7,4326.2,4,RENDILI J8 OVERSEER CAPACITOR ,975.5,808.0,29.4
261.0,4478.8,4,INCOM SPECIAL BJN-825 CAPACITOR ,1402.2,1123.8,31.7
581.8,42797.2,10,KUAT SYSTEMS ENGINEERING ELITE MARK V CAPACITOR ,760.8,760.1,29.4
467.2,12513.0,6,KOENSAYR TUNED MARK III CAPACITOR ,873.5,952.3,31.1
492.5,19966.6,7,CORELLIAN CRUISER-GRADE WEAPONS CAPACITOR CAP5 ,1338.0,816.7,28.2
75.1,851.6,1,KOENSAYR LIGHT CAPACITOR ,1050.0,428.4,17.6
352.6,7107.1,5,SUBPRO DEFIANT C1 CAPACITOR ,1079.7,664.0,26.3
801.6,56756.3,10,MODIFIED TIE CAPACITOR (ORIGIN UNKNOWN) ,1078.8,967.4,47.7
267.3,4545.3,4,INCOM SPECIAL BJN-825 CAPACITOR ,1319.5,977.5,38.5
727.1,31453.0,8,KUAT SYSTEMS ENGINEERING LIMITED MARK IV CAPACITOR ,1231.7,1176.8,39.9
478.0,8106.6,6,SOROSUUB V-1 WEAPON CAPACITOR ,1048.8,682.6,31.3
552.0,43943.3,10,KUAT SYSTEMS ENGINEERING ELITE MARK V CAPACITOR ,867.6,671.3,29.2
854.5,50120.2,10,Z95 DEEPWELL CAPACITOR (EXPERIMENTAL) ,1340.3,1210.6,47.0
844.1,61694.3,10,MODIFIED TIE CAPACITOR (ORIGIN UNKNOWN) ,1229.2,1063.2,53.5
700.6,36338.7,8,KUAT SYSTEMS ENGINEERING LIMITED MARK IV CAPACITOR ,1215.8,1102.8,48.7
473.1,12239.1,6,CORELLIAN CRUISER-GRADE WEAPONS CAPACITOR CAP3 ,1430.2,1170.9,37.7
737.0,34098.8,8,KUAT SYSTEMS ENGINEERING LIMITED MARK IV CAPACITOR ,1099.0,920.3,39.1
589.0,39673.9,10,KUAT SYSTEMS ENGINEERING ELITE MARK V CAPACITOR ,1007.8,899.3,31.4
564.5,45370.0,10,KUAT SYSTEMS ENGINEERING ELITE MARK V CAPACITOR ,768.2,774.7,31.7
465.8,12118.0,6,CORELLIAN CRUISER-GRADE WEAPONS CAPACITOR CAP3 ,1114.8,1189.2,32.9
802.7,52824.2,10,KOENSAYR ELITE MARK V CAPACITOR ,1088.1,995.4,49.2
850.0,56943.0,10,Z95 DEEPWELL CAPACITOR (EXPERIMENTAL) ,1196.3,1098.5,46.8
256.9,4671.8,4,INCOM SPECIAL BJN-825 CAPACITOR ,1466.2,869.9,34.7
544.4,46739.8,9,SIENAR FLEET SYSTEMS CAPACITOR ARRAY ,1468.7,738.3,32.0
519.7,12691.1,6,NOVALDEX WAMPA S1 ,1260.2,977.4,46.8
463.2,10098.1,6,SOROSUUB V-1 WEAPON CAPACITOR ,1349.3,1057.4,39.7
473.5,7945.6,6,QUALDEX CAPACITOR BAERY ARRAY ,1038.5,869.7,27.8
864.6,56348.9,10,Z95 DEEPWELL CAPACITOR (EXPERIMENTAL) ,1188.4,1160.6,45.3
863.2,53867.1,10,Z95 DEEPWELL CAPACITOR (EXPERIMENTAL) ,1480.3,1167.8,47.5
268.5,4738.4,4,NOVALDEX SARLACC S2 ,1012.7,882.1,35.5
433.5,15259.0,7,NOVALDEX DELUXE WAMPA S1 ,939.2,723.4,23.3
439.2,15959.1,7,NOVALDEX DELUXE WAMPA S1 ,1214.7,598.7,25.0
821.9,58807.0,10,Z95 DEEPWELL CAPACITOR (EXPERIMENTAL) ,1255.4,1406.1,48.0
537.9,41516.3,9,MANDALMOTORS MARK V POWERMASTER CAPACITOR ,1217.7,749.8,32.5
266.8,4345.9,4,INCOM SPECIAL BJN-825 CAPACITOR ,1313.4,832.7,32.4
545.3,45926.8,9,IE ELITE CAPACITOR MARK 3 ,1273.7,907.8,27.3
258.7,4453.0,4,GALLOFREE -22 CAPACITOR ,1137.3,751.8,38.4
260.8,4382.7,4,NOVALDEX SARLACC S2 ,1064.3,680.7,32.7
325.6,6466.4,5,MANDALMOTORS MARK III POWERMASTER CAPACITOR ,827.6,489.2,21.7
568.3,40399.1,10,KUAT SYSTEMS ENGINEERING ELITE MARK V CAPACITOR ,715.2,911.9,26.5
578.1,42946.5,10,KUAT SYSTEMS ENGINEERING ELITE MARK V CAPACITOR ,999.4,943.0,30.0
807.9,60350.4,10,MODIFIED TIE CAPACITOR (ORIGIN UNKNOWN) ,1234.9,914.4,53.8
475.9,12280.9,6,KOENSAYR TUNED MARK III CAPACITOR ,886.7,845.7,40.1
259.7,4583.4,4,INCOM SPECIAL BJN-825 CAPACITOR ,1211.8,957.3,31.5
636.1,29058.7,8,MON CALAMARI ENHANCED ADVANCED CAPACITOR ,1201.1,948.9,37.3
815.6,60020.0,10,MODIFIED TIE CAPACITOR (ORIGIN UNKNOWN) ,942.9,1138.5,58.3
326.2,6656.7,5,MANDALMOTORS MARK III POWERMASTER CAPACITOR ,1039.1,560.6,22.9
794.0,52727.1,10,MANDALMOTORS PROVIDER MODEL P1 ,1155.1,885.8,45.4
810.1,54923.6,10,MODIFIED TIE CAPACITOR (ORIGIN UNKNOWN) ,1239.3,954.4,51.6
265.1,4064.8,4,INCOM SPECIAL BJN-825 CAPACITOR ,1182.0,1085.9,29.5
317.7,7263.1,5,CORELLIAN STANDARD CAPACITOR ,1193.5,779.7,19.9
553.8,46454.5,10,KUAT SYSTEMS ENGINEERING ELITE MARK V CAPACITOR ,856.8,956.5,31.7
485.1,12135.1,6,CORELLIAN CRUISER-GRADE WEAPONS CAPACITOR CAP3 ,1166.6,1096.6,37.0
263.5,4156.3,4,INCOM SPECIAL BJN-825 CAPACITOR ,974.6,923.8,33.8
579.7,42719.0,10,KUAT SYSTEMS ENGINEERING ELITE MARK V CAPACITOR ,797.8,733.5,33.9
553.1,39382.7,9,QUALDEX CONSERVATOR QX5 ,1407.1,808.7,24.4
456.0,12346.5,6,KOENSAYR TUNED MARK III CAPACITOR ,1166.5,951.7,37.4
724.9,32729.4,8,NOVALDEX WAMPA S2 ,1149.9,894.9,39.9
574.3,43569.7,10,KUAT SYSTEMS ENGINEERING ELITE MARK V CAPACITOR ,861.1,786.8,29.0
110.2,1630.9,2,CORELLIAN TUNED CRUISER-GRADE WEAPONS CAPACITOR CAP1 ,1191.8,790.7,33.9
178.4,2873.4,4,SUBPRO GALLANT A1 CAPACITOR ,734.9,589.8,21.0
239.9,8408.5,4,MON CALAMARI MODIFIED STANDARD CAPACITOR ,777.1,784.0,31.7
480.0,17102.2,7,MANDALMOTORS MARK IV POWERMASTER CAPACITOR ,917.8,640.3,23.0
807.0,58037.7,10,MODIFIED TIE CAPACITOR (ORIGIN UNKNOWN) ,1122.1,1288.1,46.3
537.6,50814.7,9,IE ELITE CAPACITOR MARK 3 ,1464.7,805.6,28.3
573.7,42918.2,10,KUAT SYSTEMS ENGINEERING ELITE MARK V CAPACITOR ,857.3,753.0,24.7
826.5,53458.4,10,MANDALMOTORS PROVIDER MODEL P1 ,1191.7,896.7,51.0
793.4,48019.1,10,MANDALMOTORS PROVIDER MODEL P1 ,1119.5,1022.9,40.5
160.5,2436.9,3,QUALDEX MISER ELITE ,872.7,457.8,20.0
764.6,59639.1,10,CORELLIAN ELITE CAPACITOR ,1258.0,720.0,38.7
838.4,49966.5,10,SOROSUUB FLASH CAPACITOR ,1264.6,986.3,35.7
257.1,4531.6,4,HUPPLA PASA TISC OLD-TECH CAPACITOR ,1092.0,892.1,28.3
562.0,38910.3,10,KUAT SYSTEMS ENGINEERING ELITE MARK V CAPACITOR ,824.3,748.1,26.2
729.3,28249.0,8,NOVALDEX WAMPA S2 ,1067.2,1073.1,38.3
587.1,45644.0,10,KUAT SYSTEMS ENGINEERING ELITE MARK V CAPACITOR ,917.0,622.5,28.4
802.5,60999.5,10,MODIFIED TIE CAPACITOR (ORIGIN UNKNOWN) ,1157.9,1160.3,51.8
259.2,4463.5,4,INCOM SPECIAL BJN-825 CAPACITOR ,1173.7,1074.9,39.3
250.4,4243.7,4,INCOM SPECIAL BJN-825 CAPACITOR ,1175.5,1084.5,31.8
251.9,4084.4,4,INCOM SPECIAL BJN-825 CAPACITOR ,1456.3,1101.3,38.0
503.1,12791.3,6,CORELLIAN CRUISER-GRADE WEAPONS CAPACITOR CAP3 ,1337.2,1119.6,36.1
828.4,49158.4,10,SOROSUUB FLASH CAPACITOR ,1165.2,927.3,44.4
584.3,44131.5,10,KUAT SYSTEMS ENGINEERING ELITE MARK V CAPACITOR ,991.9,863.0,29.7
575.5,42844.1,10,KUAT SYSTEMS ENGINEERING ELITE MARK V CAPACITOR ,891.3,882.5,31.5
251.7,4716.6,4,INCOM SPECIAL BJN-825 CAPACITOR ,1410.3,1106.3,28.1
481.7,11293.3,6,CORELLIAN CRUISER-GRADE WEAPONS CAPACITOR CAP3 ,1131.1,1096.9,30.4
819.4,57203.9,10,Z95 DEEPWELL CAPACITOR (EXPERIMENTAL) ,1365.0,1096.3,46.3
478.9,11773.8,6,CORELLIAN CRUISER-GRADE WEAPONS CAPACITOR CAP3 ,1042.7,1053.0,39.9
475.5,11206.1,6,KUAT SYSTEMS ENGINEERING SUPERCHARGED MARK III CAPACITOR ,1377.8,820.1,29.5
485.2,11942.7,6,QUALDEX CONSERVATOR QX2 ,982.4,848.6,44.4
860.4,52611.3,10,Z95 DEEPWELL CAPACITOR (EXPERIMENTAL) ,1382.6,1121.6,48.1
259.2,4545.6,4,INCOM SPECIAL BJN-825 CAPACITOR ,1224.9,972.8,30.2
505.1,11776.2,6,CORELLIAN CRUISER-GRADE WEAPONS CAPACITOR CAP3 ,1083.4,1014.4,40.3
531.3,39769.4,9,CORELLIAN CRUISER-GRADE WEAPONS CAPACITOR CAP10 ,1257.8,819.7,32.2
803.7,57448.9,10,MODIFIED TIE CAPACITOR (ORIGIN UNKNOWN) ,1031.6,1209.6,55.2
394.5,37202.8,9,KOENSAYR MARK V CAPACITOR ,899.1,438.1,22.7
812.4,50756.5,10,MANDALMOTORS POWERSOAK (ORIGINAL) ,1393.7,1320.1,44.3
556.5,42687.9,9,MANDALMOTORS MARK V POWERMASTER CAPACITOR ,1070.0,751.9,28.3
467.0,10097.5,6,MANDALMOTORS IMPROVED MARK III POWERMASTER CAPACITOR ,1215.4,997.0,35.5
566.4,37190.2,9,QUALDEX CONSERVATOR QX5 ,1377.3,634.1,29.0
325.0,6856.7,5,MON CALAMARI HEAVY CAPACITOR ,842.1,524.3,25.6
268.3,4379.7,4,INCOM SPECIAL BJN-825 CAPACITOR ,1144.4,1043.0,36.2
522.7,45824.5,9,MANDALMOTORS MARK V POWERMASTER CAPACITOR ,1147.3,636.4,30.1
471.7,17066.6,7,CORELLIAN CRUISER-GRADE WEAPONS CAPACITOR CAP5 ,1224.9,652.4,19.1
453.0,16201.0,7,KOENSAYR MARK IV CAPACITOR ,1111.4,639.6,24.1
468.2,13812.6,6,KOENSAYR TUNED MARK III CAPACITOR ,997.7,728.3,34.5
816.6,58089.2,10,KOENSAYR ELITE MARK V CAPACITOR ,1200.7,1023.4,36.3
865.7,44411.6,10,SOROSUUB FLASH CAPACITOR ,1175.5,1055.0,36.6
286.4,7403.3,5,KOENSAYR MARK III CAPACITOR ,1143.9,445.0,19.4
818.1,61356.0,10,KOENSAYR ELITE MARK V CAPACITOR ,1204.6,866.9,46.9
275.2,4248.7,4,INCOM SPECIAL BJN-825 CAPACITOR ,1276.0,874.3,38.3
163.1,2340.7,3,QUALDEX MISER ELITE ,1056.0,435.5,19.2
560.9,48869.1,9,IE ELITE CAPACITOR MARK 3 ,1519.6,1019.5,29.8
264.4,4972.7,4,GALLOFREE -22 CAPACITOR ,992.9,759.0,38.0
798.3,56275.0,10,Z95 DEEPWELL CAPACITOR (EXPERIMENTAL) ,1372.5,1101.7,46.8
481.8,11257.8,6,CORELLIAN CRUISER-GRADE WEAPONS CAPACITOR CAP3 ,1342.0,1342.0,34.5
450.1,11754.9,6,CORELLIAN CRUISER-GRADE WEAPONS CAPACITOR CAP3 ,1395.7,1248.0,35.5
689.3,30671.8,8,KOENSAYR DELUXE MARK IV CAPACITOR ,1059.0,625.4,48.7
255.8,4762.3,4,INCOM SPECIAL BJN-825 CAPACITOR ,1280.6,996.5,32.5
807.7,53630.8,10,MODIFIED TIE CAPACITOR (ORIGIN UNKNOWN) ,1072.6,1135.4,53.2
598.1,40357.5,10,KUAT SYSTEMS ENGINEERING ELITE MARK V CAPACITOR ,679.0,624.3,30.6
719.9,31205.6,8,KUAT SYSTEMS ENGINEERING LIMITED MARK IV CAPACITOR ,1263.1,1108.3,44.9
856.7,46693.2,10,SOROSUUB FLASH CAPACITOR ,1025.1,905.5,38.4
328.3,6967.5,5,NOVALDEX SARLACC S3 ,1185.5,595.1,25.4
809.8,59460.1,10,Z95 DEEPWELL CAPACITOR (EXPERIMENTAL) ,1154.5,1151.2,43.0
860.4,48462.5,10,MANDALMOTORS PROVIDER MODEL P1 ,1022.4,1041.3,41.8
267.0,4219.8,4,INCOM SPECIAL BJN-825 CAPACITOR ,1280.4,1114.6,34.8
331.7,6640.2,5,SUBPRO DEFIANT C1 CAPACITOR ,913.2,639.0,34.2
474.6,12927.5,6,CORELLIAN CRUISER-GRADE WEAPONS CAPACITOR CAP3 ,1137.3,1077.7,39.5
467.7,11634.5,6,CORELLIAN CRUISER-GRADE WEAPONS CAPACITOR CAP3 ,1384.0,1002.5,33.4
588.1,41384.2,10,KUAT SYSTEMS ENGINEERING ELITE MARK V CAPACITOR ,941.7,613.5,30.1
841.4,58451.0,10,KOENSAYR ELITE MARK V CAPACITOR ,1124.5,1022.6,39.7
384.0,34530.8,9,KOENSAYR MARK V CAPACITOR ,982.5,526.9,19.9
412.5,15660.0,7,NOVALDEX DELUXE WAMPA S1 ,1260.8,638.5,24.0
560.3,42755.8,10,KUAT SYSTEMS ENGINEERING ELITE MARK V CAPACITOR ,943.7,855.5,33.4
331.7,13492.0,7,KUAT SYSTEMS ENGINEERING MARK IV CAPACITOR ,786.2,402.3,19.3
447.7,17612.4,7,SOROSUUB TUNED DYNAMO MARK III CAPACITOR ,1317.3,649.7,31.4
587.0,38716.1,10,KUAT SYSTEMS ENGINEERING ELITE MARK V CAPACITOR ,1109.8,738.1,31.6
831.8,52559.0,10,MODIFIED TIE CAPACITOR (ORIGIN UNKNOWN) ,959.2,1077.1,54.5
327.3,8425.1,6,MON CALAMARI MODIFIED HEAVY CAPACITOR ,673.5,609.6,24.8
546.6,47600.0,9,NOVALDEX WAMPA S3 ,1077.8,902.9,31.2
552.5,42320.5,10,KUAT SYSTEMS ENGINEERING ELITE MARK V CAPACITOR ,815.4,734.0,31.6
457.6,11572.5,6,CORELLIAN CRUISER-GRADE WEAPONS CAPACITOR CAP3 ,1217.4,1107.9,38.9
469.7,16440.1,7,QUALDEX CONSERVATOR QX3 ,1489.5,768.3,29.8
852.3,52964.1,10,MODIFIED TIE CAPACITOR (ORIGIN UNKNOWN) ,1537.0,1217.4,49.5
579.1,41370.9,10,KUAT SYSTEMS ENGINEERING ELITE MARK V CAPACITOR ,1113.9,730.3,33.5
417.3,17175.6,7,NOVALDEX DELUXE WAMPA S1 ,1120.6,652.2,30.3
564.1,42331.6,10,KUAT SYSTEMS ENGINEERING ELITE MARK V CAPACITOR ,748.7,896.1,28.0
843.5,56107.8,10,MODIFIED TIE CAPACITOR (ORIGIN UNKNOWN) ,1178.7,1113.1,53.3
408.3,34256.5,9,KOENSAYR MARK V CAPACITOR ,875.0,534.0,21.8
836.8,56969.7,10,Z95 DEEPWELL CAPACITOR (EXPERIMENTAL) ,1233.7,1001.6,50.5
474.5,12540.5,6,CORELLIAN CRUISER-GRADE WEAPONS CAPACITOR CAP3 ,1297.7,1007.4,36.6
541.2,40901.2,9,SOROSUUB SUPERCHARGED DYNAMO MARK IV CAPACITOR ,1123.4,797.6,33.0
830.1,53193.7,10,MODIFIED TIE CAPACITOR (ORIGIN UNKNOWN) ,1283.4,996.7,53.6
304.3,6874.5,5,MON CALAMARI HEAVY CAPACITOR ,1175.0,639.2,24.5
469.2,12497.9,6,CORELLIAN CRUISER-GRADE WEAPONS CAPACITOR CAP3 ,1317.0,1131.1,40.3
560.8,38672.8,10,KUAT SYSTEMS ENGINEERING ELITE MARK V CAPACITOR ,887.3,779.7,34.2
683.3,28251.0,8,QUALDEX CONSERVATOR QX4 ,1111.2,886.2,32.7
454.7,18500.8,7,MANDALMOTORS MARK IV POWERMASTER CAPACITOR ,1133.0,707.2,22.2
591.8,41516.4,10,KUAT SYSTEMS ENGINEERING ELITE MARK V CAPACITOR ,875.8,727.1,24.7
821.9,57510.7,10,MODIFIED TIE CAPACITOR (ORIGIN UNKNOWN) ,1176.3,1203.8,54.5
263.5,4122.9,4,INCOM SPECIAL BJN-825 CAPACITOR ,1093.9,789.9,28.8
333.5,9354.4,6,MON CALAMARI MODIFIED HEAVY CAPACITOR ,815.0,736.2,25.6
472.7,11502.3,6,CORELLIAN CRUISER-GRADE WEAPONS CAPACITOR CAP3 ,1242.5,1064.0,37.6
844.9,59413.5,10,MODIFIED TIE CAPACITOR (ORIGIN UNKNOWN) ,1377.9,1270.6,54.7
722.1,31245.6,8,KUAT SYSTEMS ENGINEERING LIMITED MARK IV CAPACITOR ,1040.6,1066.2,40.2
847.3,61952.0,10,Z95 DEEPWELL CAPACITOR (EXPERIMENTAL) ,1154.9,1026.6,47.3
832.8,64745.1,10,Z95 DEEPWELL CAPACITOR (EXPERIMENTAL) ,1309.0,1179.8,44.9
820.9,56033.8,10,Z95 DEEPWELL CAPACITOR (EXPERIMENTAL) ,1353.4,1072.5,47.4
837.6,58066.3,10,Z95 DEEPWELL CAPACITOR (EXPERIMENTAL) ,1361.3,1067.5,47.0
503.5,12400.9,6,KOENSAYR TUNED MARK III CAPACITOR ,1188.6,755.7,31.8
809.8,34527.2,8,CORELLIAN CRUISER-GRADE WEAPONS CAPACITOR CAP9 ,1239.7,1062.7,48.0
581.3,39578.7,10,KUAT SYSTEMS ENGINEERING ELITE MARK V CAPACITOR ,797.4,832.1,28.7
464.3,12248.5,6,CORELLIAN CRUISER-GRADE WEAPONS CAPACITOR CAP3 ,1206.9,1049.3,38.9
820.9,57439.6,10,Z95 DEEPWELL CAPACITOR (EXPERIMENTAL) ,977.9,1098.1,46.4
794.4,57165.3,10,Z95 DEEPWELL CAPACITOR (EXPERIMENTAL) ,1448.7,1024.1,46.3
260.0,4620.1,4,INCOM SPECIAL BJN-825 CAPACITOR ,1085.2,1010.9,33.7
809.0,56106.0,10,MODIFIED TIE CAPACITOR (ORIGIN UNKNOWN) ,1296.4,1212.3,51.5
833.7,51925.7,10,MODIFIED TIE CAPACITOR (ORIGIN UNKNOWN) ,1082.9,1159.8,51.7
554.4,48719.8,9,AIM & BAK HYPERCHARGER ELITE CAPACITOR ,1101.1,727.9,26.0
829.3,57037.1,10,MODIFIED TIE CAPACITOR (ORIGIN UNKNOWN) ,1095.2,1078.9,55.6
322.5,6783.2,5,MANDALMOTORS MARK III POWERMASTER CAPACITOR ,1014.4,543.9,26.1
582.5,44096.3,10,KUAT SYSTEMS ENGINEERING ELITE MARK V CAPACITOR ,817.6,893.0,29.8
389.8,37957.2,9,KOENSAYR MARK V CAPACITOR ,894.9,527.7,20.9
472.6,16914.7,7,SUBPRO DEFIANT C3 CAPACITOR ,1264.1,756.1,29.1
435.2,17990.3,6,IBURON CAPACITOR ,1183.0,596.7,26.7
345.8,7639.5,5,SUBPRO DEFIANT C1 CAPACITOR ,1070.1,441.7,31.8
847.5,53543.0,10,MODIFIED TIE CAPACITOR (ORIGIN UNKNOWN) ,1066.2,1207.0,52.5
482.5,12228.4,6,KUAT SYSTEMS ENGINEERING SUPERCHARGED MARK III CAPACITOR ,1428.3,857.4,36.9
584.5,40830.9,10,KUAT SYSTEMS ENGINEERING ELITE MARK V CAPACITOR ,867.7,650.8,23.3
463.3,16364.9,7,SUBPRO DEFIANT C2 CAPACITOR ,905.0,714.8,26.7
494.8,12091.7,6,CORELLIAN CRUISER-GRADE WEAPONS CAPACITOR CAP3 ,1597.3,1221.1,31.4
470.5,18353.8,7,CORELLIAN CRUISER-GRADE WEAPONS CAPACITOR CAP5 ,1284.5,581.2,27.2
738.1,53050.7,10,QUALDEX EXPERIMENTAL (UNKNOWN MODEL) ,948.7,873.9,33.7
503.5,12594.7,6,NOVALDEX WAMPA S1 ,1263.3,928.1,33.4
258.2,4337.1,4,INCOM SPECIAL BJN-825 CAPACITOR ,915.1,841.4,34.7
262.2,4089.8,4,INCOM SPECIAL BJN-825 CAPACITOR ,1283.8,1070.3,32.6
190.1,2881.7,3,KOENSAYR IMPROVED LIGHT CAPACITOR ,1376.7,628.9,23.6
173.4,2201.8,3,FREITEK INC. XD-2 CAPACITOR ,1082.0,525.4,20.0
478.8,14359.8,7,KOENSAYR MARK IV CAPACITOR ,1107.4,532.8,26.9
316.9,7577.5,5,CORELLIAN STANDARD CAPACITOR ,899.5,594.1,28.8
257.5,4522.5,4,INCOM SPECIAL BJN-825 CAPACITOR ,1230.8,1003.2,30.5
377.4,33756.8,9,KOENSAYR MARK V CAPACITOR ,667.9,547.1,21.2
578.7,47107.8,9,MON CALAMARI ELITE CAPACITOR ,1306.6,766.9,29.4
313.5,5930.0,5,QUALDEX CONSERVATOR QX1 ELITE ,1157.3,549.4,25.2
554.5,47879.2,9,AIM & BAK HYPERCHARGER ELITE CAPACITOR ,1111.9,701.5,32.8
564.8,50098.1,9,SIENAR FLEET SYSTEMS CAPACITOR ARRAY ,1210.5,848.7,31.3
695.6,32227.7,8,NOVALDEX WAMPA S2 ,1180.5,919.1,34.3
387.7,37678.4,9,KOENSAYR MARK V CAPACITOR ,616.6,413.8,18.1
534.0,47442.4,9,CORELLIAN CRUISER-GRADE WEAPONS CAPACITOR CAP10 ,1292.7,665.3,30.1
443.9,19035.1,7,QUALDEX CONSERVATOR QX3 ,1344.3,839.9,27.7
551.8,42561.6,9,ARMEK ELITE CAPACITOR ARRAY ,1063.5,735.5,24.6
823.8,56936.5,10,SUBPRO EXPERIMENTAL CAPACITOR (UNKNOWN) ,1387.0,1250.5,39.0
158.3,2532.0,3,SUBPRO VALIANT Z2 CAPACITOR ,1047.9,522.2,20.8
549.3,48922.3,9,CORELLIAN CRUISER-GRADE WEAPONS CAPACITOR CAP10 ,855.9,734.6,30.4
576.9,44471.5,9,IE ELITE CAPACITOR MARK 3 ,829.6,774.0,33.7
316.9,6468.6,5,DEEPWELL CAPACITOR MODEL K5 ,1134.4,608.4,20.9
554.8,47839.5,9,NOVALDEX WAMPA S3 ,1158.4,907.6,28.4
820.3,58952.2,10,MODIFIED TIE CAPACITOR (ORIGIN UNKNOWN) ,1271.6,1247.8,53.4
480.2,11622.0,6,CORELLIAN CRUISER-GRADE WEAPONS CAPACITOR CAP3 ,1562.9,865.8,33.2
569.6,42193.4,10,KUAT SYSTEMS ENGINEERING ELITE MARK V CAPACITOR ,795.1,913.2,29.4
719.2,49303.3,10,QUALDEX EXPERIMENTAL (UNKNOWN MODEL) ,985.8,984.2,38.4
591.4,48620.3,10,KUAT SYSTEMS ENGINEERING ELITE MARK V CAPACITOR ,784.9,765.1,29.8
552.7,35921.9,9,QUALDEX CONSERVATOR QX5 ,1016.5,656.2,27.7
794.0,54700.7,10,KOENSAYR ELITE MARK V CAPACITOR ,1356.8,1090.1,48.4
263.3,4276.5,4,INCOM SPECIAL BJN-825 CAPACITOR ,1116.3,1116.4,28.2
307.5,7378.0,5,DEEPWELL CAPACITOR MODEL K5 ,1357.9,526.2,23.3
345.0,7886.7,5,SUBPRO DEFIANT C1 CAPACITOR ,1123.7,603.8,20.4
484.8,10375.1,6,CORELLIAN CRUISER-GRADE WEAPONS CAPACITOR CAP3 ,1261.9,1254.2,33.8
822.7,58843.2,10,SIENAR DESIGN SYSTEMS IMPERIAL FINEST CAPACITOR ,1333.2,1106.9,35.2
174.2,2553.0,3,INCOM BJN-825 CAPACITOR ,1115.8,589.4,22.4
493.2,11575.3,6,CORELLIAN CRUISER-GRADE WEAPONS CAPACITOR CAP3 ,1174.6,919.5,36.5
480.6,11201.7,6,CORELLIAN CRUISER-GRADE WEAPONS CAPACITOR CAP3 ,1424.0,989.6,37.6
321.5,6312.0,5,NOVALDEX SARLACC S3 ,977.8,534.2,24.3
583.7,42959.5,10,KUAT SYSTEMS ENGINEERING ELITE MARK V CAPACITOR ,994.2,715.4,24.2
588.7,27387.8,8,MON CALAMARI ENHANCED ADVANCED CAPACITOR ,1044.2,875.3,32.7
328.9,5117.3,5,QUALDEX CONSERVATOR QX1 ELITE ,946.6,432.5,27.0
824.6,52901.2,10,MODIFIED TIE CAPACITOR (ORIGIN UNKNOWN) ,1355.1,1314.4,48.3
840.9,58816.3,10,Z95 DEEPWELL CAPACITOR (EXPERIMENTAL) ,1134.7,1198.7,52.3
595.3,45351.0,10,KUAT SYSTEMS ENGINEERING ELITE MARK V CAPACITOR ,922.6,778.0,30.5
423.7,16142.6,7,NOVALDEX DELUXE WAMPA S1 ,1184.2,711.4,19.9
548.5,38372.0,9,SOROSUUB SUPERCHARGED DYNAMO MARK IV CAPACITOR ,1227.1,779.0,28.0
838.4,48151.5,10,MANDALMOTORS PROVIDER MODEL P1 ,967.3,960.1,40.3
333.2,9197.2,6,MON CALAMARI MODIFIED HEAVY CAPACITOR ,800.7,611.8,24.1
186.8,2948.0,3,KOENSAYR IMPROVED LIGHT CAPACITOR ,1250.4,551.3,26.9
474.4,13981.0,6,QUALDEX CONSERVATOR QX2 ,1199.5,990.8,44.4
256.2,4817.8,4,INCOM SPECIAL BJN-825 CAPACITOR ,1229.3,1026.3,34.0
814.6,61585.0,10,Z95 DEEPWELL CAPACITOR (EXPERIMENTAL) ,1310.2,1197.3,51.0
600.4,39864.2,10,KUAT SYSTEMS ENGINEERING ELITE MARK V CAPACITOR ,987.6,708.4,35.4
822.2,52340.7,10,Z95 DEEPWELL CAPACITOR (EXPERIMENTAL) ,1223.1,1153.7,46.8
261.8,4272.9,4,INCOM SPECIAL BJN-825 CAPACITOR ,1502.5,1172.5,37.2
250.1,4256.6,4,INCOM SPECIAL BJN-825 CAPACITOR ,1226.1,1254.4,32.8
822.8,59083.3,10,Z95 DEEPWELL CAPACITOR (EXPERIMENTAL) ,1331.1,1210.7,49.0
475.8,11803.7,6,CORELLIAN CRUISER-GRADE WEAPONS CAPACITOR CAP3 ,1244.3,1127.4,37.6
256.2,3986.9,4,INCOM SPECIAL BJN-825 CAPACITOR ,1092.4,1135.6,35.9
474.3,19271.4,7,SUBPRO DEFIANT C2 CAPACITOR ,1230.0,571.4,23.4
829.8,48616.5,10,Z95 DEEPWELL CAPACITOR (EXPERIMENTAL) ,1392.1,950.6,45.5
552.5,40200.7,9,CORELLIAN CRUISER-GRADE WEAPONS CAPACITOR CAP10 ,1179.1,754.8,25.4
270.1,4084.4,4,NOVALDEX SARLACC S2 ,973.6,739.3,35.8
636.1,27999.4,8,MON CALAMARI ENHANCED ADVANCED CAPACITOR ,1051.4,955.6,31.9
311.4,6541.6,5,MANDALMOTORS MARK III POWERMASTER CAPACITOR ,1038.7,501.4,21.8
647.1,52700.7,9,MON CALAMARI ELITE CAPACITOR ,1076.9,772.2,31.5
586.9,39850.0,10,KUAT SYSTEMS ENGINEERING ELITE MARK V CAPACITOR ,821.0,623.1,28.5
856.9,49866.6,10,Z95 DEEPWELL CAPACITOR (EXPERIMENTAL) ,1476.9,1142.3,46.7
263.5,4672.3,4,INCOM SPECIAL BJN-825 CAPACITOR ,1222.5,920.1,30.9
859.0,57580.4,10,Z95 DEEPWELL CAPACITOR (EXPERIMENTAL) ,1327.3,1272.4,47.9
672.7,29328.3,8,QUALDEX CONSERVATOR QX4 ,1231.2,836.0,31.7
270.5,5289.3,4,INCOM SPECIAL BJN-825 CAPACITOR ,1134.2,935.7,40.6
177.0,2688.2,3,,1398.5,710.1,22.3
81.4,1072.5,1,,1173.8,557.2,18.5
74.6,929.5,1,,785.9,459.3,20.2
416.6,17537.1,7,,1248.6,575.5,25.9
458.5,10424.5,6,,1242.4,888.9,32.8
512.9,46653.7,9,,1161.0,699.7,22.7
676.2,28085.5,8,,1016.6,1008.8,36.4
108.5,1554.4,2,,1061.5,710.9,31.0
79.1,969.4,1,,1053.0,514.9,21.7
85.1,1056.2,1,,1205.8,428.9,23.3
114.6,1595.6,2,,999.6,654.1,31.3
259.0,4371.8,4,,1248.6,968.2,33.1
605.7,49011.8,9,MON CALAMARI ELITE CAPACITOR ,1328.5,726.6,35.6
543.5,44517.4,9,IE ELITE CAPACITOR MARK 3 ,1231.2,873.1,26.8
171.2,2534.9,3,CYGNUS CYG-CAP B CAPACITOR ,875.4,621.8,25.4
822.9,55026.8,10,SIENAR DESIGN SYSTEMS IMPERIAL FINEST CAPACITOR ,1031.0,1113.8,44.1
220.5,5003.4,5,SOROSUUB TURBO WEAPONS CAPACITOR ,669.7,609.6,17.8
838.1,49531.0,10,KOENSAYR ELITE MARK V CAPACITOR ,1261.6,914.9,40.3
634.6,27584.1,8,MON CALAMARI ENHANCED ADVANCED CAPACITOR ,957.0,941.0,38.2
350.5,6973.9,5,SUBPRO DEFIANT C1 CAPACITOR ,1229.5,625.5,25.2
799.1,48873.9,10,MANDALMOTORS PROVIDER MODEL P1 ,1096.1,1175.9,42.2
820.4,50615.5,10,MANDALMOTORS PROVIDER MODEL P1 ,1327.7,1035.1,42.9
674.4,28279.3,8,MANDALMOTORS RARE MARK IV POWERMASTER CAPACITOR ,862.4,1029.8,38.2
750.4,50418.4,10,QUALDEX EXPERIMENTAL (UNKNOWN MODEL) ,1144.5,887.0,44.5
264.1,4549.7,4,SIENAR DESIGN SYSTEMS SPECIAL IMPERIAL-2 CAPACITOR ,1247.7,818.0,34.6
496.9,16402.2,7,MON CALAMARI ADVANCED CAPACITOR ,1173.8,624.7,24.8
104.1,1616.1,2,,993.6,747.6,30.8
115.6,1773.1,2,QUALDEX MISER STANDARD ,1286.4,1003.5,28.0
233.7,8207.5,4,MON CALAMARI MODIFIED STANDARD CAPACITOR ,886.2,655.0,31.4
330.4,9607.2,6,MON CALAMARI MODIFIED HEAVY CAPACITOR ,738.9,661.4,22.0
539.7,46485.8,9,CORELLIAN CRUISER-GRADE WEAPONS CAPACITOR CAP10 ,1134.3,620.1,28.2
253.5,4333.6,4,GALLOFREE -22 CAPACITOR ,1243.7,846.7,38.9
478.3,8349.2,6,SUBPRO MODIFIED DEFIANT C1 CAPACITOR ,1063.5,828.2,32.6
702.0,31103.5,8,NOVALDEX WAMPA S2 ,997.5,901.4,42.2
78.2,1183.5,2,KUAT SYSTEMS ENGINEERING LIMITED MARK I CAPACITOR ,782.7,487.5,23.4
172.9,2053.8,3,FREITEK INC. XD-2 CAPACITOR ,919.2,552.6,23.0
81.2,1095.6,1,KUAT SYSTEMS ENGINEERING MARK I CAPACITOR ,1229.6,533.8,19.5
79.8,1144.6,1,SIENAR FLEET SYSTEMS MARK I IMPERIAL CAPACITOR ,1201.0,474.7,21.2
114.5,1800.3,2,CYGNUS CYG-CAP A CAPACITOR ,1088.3,688.1,24.9
73.2,941.3,1,RENDILI J7 OVERSEER CAPACITOR ,923.6,430.3,21.9
174.0,2717.6,3,SIENAR DESIGN SYSTEMS IMPERIAL-2 CAPACITOR ,918.1,433.6,23.2
108.1,1756.3,2,SIENAR DESIGN SYSTEMS MARK I IMPERIAL CAPACITOR ,906.6,635.1,26.5
731.8,32796.2,8,KUAT SYSTEMS ENGINEERING LIMITED MARK IV CAPACITOR ,1245.3,810.6,44.3
555.0,42262.6,9,NOVALDEX WAMPA S3 ,1197.0,734.8,30.1
185.6,3114.6,4,SUBPRO GALLANT A1 CAPACITOR ,635.5,515.9,25.4
865.8,56760.3,10,SUBPRO EXPERIMENTAL CAPACITOR (UNKNOWN) ,1315.9,1298.3,43.8
276.7,5172.8,4,HUPPLA PASA TISC OLD-TECH CAPACITOR ,1114.5,960.5,35.1
768.4,32503.2,8,CORELLIAN CRUISER-GRADE WEAPONS CAPACITOR CAP9 ,1208.4,973.6,46.5
471.8,14798.9,7,MON CALAMARI ADVANCED CAPACITOR ,1193.3,654.4,23.4
734.4,31532.4,8,SOROSUUB DYNAMO MARK IV CAPACITOR ,1294.3,1036.6,41.5
195.3,2713.9,3,IE ELITE CAPACITOR MARK 1 ,1019.6,678.6,22.9
825.4,51709.0,10,MANDALMOTORS PROVIDER MODEL P1 ,1231.1,928.2,40.1
832.3,55971.2,10,Z95 DEEPWELL CAPACITOR (EXPERIMENTAL) ,1612.5,1149.3,48.7
460.1,18155.6,7,(UNKNOWN) WEAPONS CAPACITOR ,1168.1,598.4,27.2
308.4,7204.1,5,CORELLIAN STANDARD CAPACITOR ,951.8,593.7,21.8
248.8,4088.9,4,KUAT SYSTEMS ENGINEERING PERFORMANCE MARK II CAPACITOR ,1030.7,746.6,33.9
639.1,30487.2,8,QUALDEX CONSERVATOR QX4 ,1066.5,726.0,30.7
101.6,1574.3,2,SIENAR DESIGN SYSTEMS MARK I IMPERIAL CAPACITOR ,942.2,747.8,22.1
106.8,1704.9,2,SIENAR DESIGN SYSTEMS MARK I IMPERIAL CAPACITOR ,770.8,701.8,25.8
299.8,6488.2,5,KOENSAYR MARK III CAPACITOR ,1123.8,528.7,18.8
265.4,4176.5,4,RENDILI J8 OVERSEER CAPACITOR ,1002.7,665.6,26.4
315.8,6964.6,5,CORELLIAN STANDARD CAPACITOR ,1303.1,563.4,25.8
762.8,29573.8,8,CORELLIAN CRUISER-GRADE WEAPONS CAPACITOR CAP9 ,1425.0,1075.1,46.6
351.2,6715.0,5,SUBPRO DEFIANT C1 CAPACITOR ,1297.2,669.8,26.8
463.1,12587.9,6,SOROSUUB DYNAMO MARK III CAPACITOR ,1049.6,1083.7,38.8
351.7,7004.7,5,SUBPRO DEFIANT C1 CAPACITOR ,1028.2,450.5,25.4
440.5,10346.1,6,MANDALMOTORS IMPROVED MARK III POWERMASTER CAPACITOR ,1380.7,1001.1,34.5
252.9,3476.2,4,RENDILI J8 OVERSEER CAPACITOR ,863.2,825.5,31.8
317.5,6267.3,5,NOVALDEX SARLACC S3 ,1105.9,551.4,26.0
474.9,10589.8,6,MANDALMOTORS IMPROVED MARK III POWERMASTER CAPACITOR ,1143.9,803.6,30.9
76.5,1021.7,1,KUAT SYSTEMS ENGINEERING MARK I CAPACITOR ,849.0,531.3,19.4
429.9,11509.3,6,IE ELITE CAPACITOR MARK 2 ,1048.9,799.4,31.7
350.6,7782.0,5,SUBPRO DEFIANT C1 CAPACITOR ,1013.1,586.0,27.7
462.6,8022.4,6,QUALDEX CAPACITOR BAERY ARRAY ,973.6,807.0,29.2
296.6,6383.8,5,KUAT SYSTEMS ENGINEERING MARK III CAPACITOR ,1035.2,474.0,24.2
243.2,4218.9,4,KUAT SYSTEMS ENGINEERING PERFORMANCE MARK II CAPACITOR ,876.1,827.3,34.5
71.0,975.1,1,KUAT SYSTEMS ENGINEERING MARK I CAPACITOR ,1003.4,526.1,18.7
83.9,1016.0,1,SIENAR FLEET SYSTEMS MARK I IMPERIAL CAPACITOR ,1143.1,477.3,21.0
72.6,1112.1,1,KUAT SYSTEMS ENGINEERING MARK I CAPACITOR ,1047.8,437.7,20.4
172.2,2118.5,3,CYGNUS CYG-CAP B CAPACITOR ,1080.6,501.1,19.6
161.7,2743.2,3,SIENAR DESIGN SYSTEMS IMPERIAL-2 CAPACITOR ,1221.4,542.3,23.4
473.1,13389.0,6,KUAT SYSTEMS ENGINEERING SUPERCHARGED MARK III CAPACITOR ,1127.4,900.7,36.3
78.8,1003.7,1,SIENAR FLEET SYSTEMS MARK I IMPERIAL CAPACITOR ,1059.1,508.6,19.7
321.1,7048.7,5,DEEPWELL CAPACITOR MODEL K5 ,1196.5,468.1,20.2
323.3,6542.5,5,MANDALMOTORS MARK III POWERMASTER CAPACITOR ,1447.2,618.3,19.5
460.1,18720.1,7,QUALDEX CONSERVATOR Q7 PROTOTYPE ,996.4,617.7,26.9
473.1,11569.4,6,KOENSAYR TUNED MARK III CAPACITOR ,1178.1,945.2,32.7
764.8,31438.2,8,KUAT SYSTEMS ENGINEERING LIMITED MARK IV CAPACITOR ,1121.6,892.7,41.4
321.0,6975.9,5,CORELLIAN STANDARD CAPACITOR ,1121.3,628.8,20.0
106.3,1721.9,2,SIENAR DESIGN SYSTEMS MARK I IMPERIAL CAPACITOR ,1033.7,820.9,30.6
113.6,1791.3,2,CYGNUS CYG-CAP A CAPACITOR ,966.9,803.5,32.5
106.1,1457.3,2,SIENAR DESIGN SYSTEMS MARK I IMPERIAL CAPACITOR ,1009.2,558.3,23.7
350.8,7464.0,5,SUBPRO DEFIANT C1 CAPACITOR ,1171.5,419.7,26.6
436.6,16424.7,7,NOVALDEX DELUXE WAMPA S1 ,1072.4,680.8,19.6
333.6,8516.9,6,MON CALAMARI MODIFIED HEAVY CAPACITOR ,857.4,722.1,27.1
74.5,1028.1,1,REPUBLIC SIENAR SYSTEMS MARK I IMPERIAL CAPACITOR ,842.2,459.6,18.7
298.4,6572.0,5,KOENSAYR MARK III CAPACITOR ,966.2,450.1,19.3
112.4,1757.2,2,CYGNUS CYG-CAP A CAPACITOR ,977.7,623.6,30.8
333.1,7095.4,5,MANDALMOTORS MARK III POWERMASTER CAPACITOR ,1333.4,569.2,23.1
75.9,1089.7,1,RENDILI J7 OVERSEER CAPACITOR ,995.8,586.0,18.3
702.5,29422.1,8,NOVALDEX WAMPA S2 ,1220.8,995.1,49.2
172.7,2072.9,3,CYGNUS CYG-CAP B CAPACITOR ,879.7,442.5,24.5
470.6,11193.4,6,SOROSUUB DYNAMO MARK III CAPACITOR ,1364.6,832.0,37.0
74.5,988.2,1,KUAT SYSTEMS ENGINEERING MARK I CAPACITOR ,1110.8,472.8,18.2
258.3,4096.8,4,RENDILI J8 OVERSEER CAPACITOR ,883.6,945.3,29.1
844.0,48293.2,10,SOROSUUB FLASH CAPACITOR ,1341.7,1033.2,42.0
252.4,4492.2,4,GALLOFREE -22 CAPACITOR ,892.9,1012.3,37.1
541.8,48630.9,9,MANDALMOTORS MARK V POWERMASTER CAPACITOR ,1028.6,579.3,35.4
581.8,45736.6,10,KUAT SYSTEMS ENGINEERING ELITE MARK V CAPACITOR ,886.2,718.6,31.2
254.8,3902.5,4,RENDILI J8 OVERSEER CAPACITOR ,1101.3,744.8,28.7
465.0,12655.0,6,QUALDEX CONSERVATOR QX2 ,1158.6,913.2,48.5
260.9,3819.9,4,RENDILI J8 OVERSEER CAPACITOR ,975.5,807.5,29.6
565.0,44892.2,10,KUAT SYSTEMS ENGINEERING ELITE MARK V CAPACITOR ,739.5,825.8,26.2
816.6,52559.4,10,SOROSUUB FLASH CAPACITOR ,1165.7,996.6,32.1
257.0,3555.4,4,RENDILI J8 OVERSEER CAPACITOR ,1061.3,740.4,31.7
320.0,6451.3,5,MON CALAMARI HEAVY CAPACITOR ,1090.9,571.9,23.6
472.8,11150.2,6,SOROSUUB DYNAMO MARK III CAPACITOR ,1187.2,1148.7,42.2
253.3,4805.7,4,GALLOFREE -22 CAPACITOR ,1218.8,790.5,43.0
723.8,53038.5,10,QUALDEX EXPERIMENTAL (UNKNOWN MODEL) ,1235.2,986.2,42.6
451.5,17422.2,7,(UNKNOWN) WEAPONS CAPACITOR ,1037.7,667.1,26.9
803.1,63048.7,10,Z95 DEEPWELL CAPACITOR (EXPERIMENTAL) ,1298.4,1242.1,45.6
315.8,7195.6,5,CORELLIAN STANDARD CAPACITOR ,1071.2,575.8,22.7
931.3,55531.1,10,MON CALAMARI DELUXE ELITE CAPACITOR ,1268.7,1174.6,40.6
827.4,54134.4,10,INCOM DEEPWELL PROTOTYPE K-33 PROTOTYPE CAPACITOR ,1501.7,1056.5,45.4
641.7,31024.3,8,QUALDEX CONSERVATOR QX4 ,938.5,947.1,36.1
492.2,12014.2,6,CORELLIAN CRUISER-GRADE WEAPONS CAPACITOR CAP3 ,1175.9,1369.0,32.3
820.6,58700.5,10,MODIFIED TIE CAPACITOR (ORIGIN UNKNOWN) ,1154.5,1119.5,50.4
683.9,28898.0,8,KOENSAYR DELUXE MARK IV CAPACITOR ,1148.7,1024.9,41.0
258.9,3525.5,4,RENDILI J8 OVERSEER CAPACITOR ,931.0,645.3,24.5
315.5,6880.3,5,MANDALMOTORS MARK III POWERMASTER CAPACITOR ,1213.3,477.6,23.5
823.9,51204.2,10,SOROSUUB FLASH CAPACITOR ,1154.2,882.3,40.5
872.9,60348.9,10,Z95 DEEPWELL CAPACITOR (EXPERIMENTAL) ,1249.1,1389.9,47.3
327.9,9742.4,6,MON CALAMARI MODIFIED HEAVY CAPACITOR ,698.3,616.1,27.0
827.8,43586.1,10,SOROSUUB FLASH CAPACITOR ,1154.5,948.7,35.8
835.7,53937.1,10,MODIFIED TIE CAPACITOR (ORIGIN UNKNOWN) ,1353.7,901.7,52.9
453.0,11920.6,6,QUALDEX CONSERVATOR QX2 ,1003.3,1031.8,41.1
839.5,54482.9,10,MODIFIED TIE CAPACITOR (ORIGIN UNKNOWN) ,1193.3,1126.2,52.5
526.6,44240.1,9,MANDALMOTORS MARK V POWERMASTER CAPACITOR ,1498.7,736.8,34.5
577.7,42075.2,10,KUAT SYSTEMS ENGINEERING ELITE MARK V CAPACITOR ,906.6,751.6,33.7
265.2,4700.4,4,SIENAR DESIGN SYSTEMS SPECIAL IMPERIAL-2 CAPACITOR ,981.1,656.1,34.9
839.0,57856.5,10,MODIFIED TIE CAPACITOR (ORIGIN UNKNOWN) ,1355.3,1161.5,55.0
317.0,6249.0,5,NOVALDEX SARLACC S3 ,1238.5,633.4,23.1
455.6,17542.6,7,QUALDEX CONSERVATOR QX3 ,1411.8,808.9,30.0
614.0,27816.7,8,MON CALAMARI ENHANCED ADVANCED CAPACITOR ,1003.0,668.1,39.0
533.8,38530.9,9,QUALDEX CONSERVATOR QX5 ,1108.5,699.2,25.6
872.4,61368.4,10,SIENAR DESIGN SYSTEMS IMPERIAL FINEST CAPACITOR ,1260.8,1087.1,46.8
826.5,54833.6,10,SIENAR DESIGN SYSTEMS IMPERIAL FINEST CAPACITOR ,1042.1,1163.1,47.1
846.7,64209.6,10,INCOM DEEPWELL PROTOTYPE K-33 PROTOTYPE CAPACITOR ,1303.4,1091.5,45.5
596.6,45809.9,9,MON CALAMARI ELITE CAPACITOR ,1418.5,747.7,30.6
302.3,5775.6,5,NOVALDEX SARLACC S3 ,1191.2,645.7,21.1
554.6,36944.8,9,QUALDEX CONSERVATOR QX5 ,1197.7,740.3,22.2
837.4,54147.8,10,MANDALMOTORS POWERSOAK (ORIGINAL) ,1311.0,1111.5,43.9
536.1,46500.3,9,KUAT SYSTEMS ENGINEERING MARK V CAPACITOR ,1342.5,666.0,28.7
895.0,47652.7,10,SOROSUUB FLASH CAPACITOR ,1153.7,1028.6,37.7
827.0,47498.5,10,KOENSAYR ELITE MARK V CAPACITOR ,1134.0,1250.5,45.5
456.1,12993.3,6,QUALDEX CONSERVATOR QX2 ,786.0,879.3,45.3
450.3,8873.5,6,QUALDEX CAPACITOR BAERY ARRAY ,1257.8,938.3,29.6
