Armor,Mass,Reverse_Engineering_Level,named_component,Reactor_Generation_Rate
545.1,49894.4,9,MANDALMOTORS DX-ADVANCED REACTOR ,22683.3
464.0,21964.8,7,SUBPRO AURORA MAX ,29947.9
112.9,2518.1,2,FREITEK INC. PERFORMANCE LEVEL 1 REACTOR ,8635.6
742.0,64917.6,10,MON CALAMARI OVERDRIVER REACTOR ,33554.5
464.1,20492.3,7,SUBPRO AURORA MAX ,24964.5
682.7,28562.2,8,KUAT SYSTEMS ENGINEERING RCT-Z REACTOR ,20668.3
871.5,59663.4,10,CORELLIAN MODIFIED BT5 REACTOR ,31352.5
74.5,1512.4,1,INCOM MARK 1 REACTOR ,9635.9
126.6,2615.9,2,WAOS SUNRAY REACTOR ,8803.4
194.0,3508.4,3,INCOM MARK 2 REACTOR ,9359.6
74.8,1063.0,1,INCOM MARK 1 REACTOR ,8997.9
79.0,1478.1,1,INCOM MARK 1 REACTOR ,10803.2
182.3,3445.7,3,INCOM MARK 2 REACTOR ,8568.8
338.9,7143.3,5,INCOM MARK 3 REACTOR ,16755.7
124.7,2893.0,2,INCOM IMPROVED MARK I REACTOR ,9865.7
872.8,71775.1,10,CORELLIAN MODIFIED BT5 REACTOR ,31822.5
706.4,40329.2,8,SLAYN & KORPIL VOEX MK4 REACTOR ,24534.1
1154.1,55030.8,10,MANDALOR MOTORS GORAX ELITE REACTOR ,28267.9
443.1,21018.5,7,MANDALMOTORS DXR-5 REACTOR ,23568.7
470.3,14884.1,7,KOENSAYR SUPERNOVA ADVANCED REACTOR ,25074.6
701.9,39312.7,8,INCOM MARK 5 REACTOR ,28910.1
74.4,1105.8,1,FREITEK INC. LEVEL 1 REACTOR ,9091.2
124.3,2514.6,2,WAOS SUNRAY REACTOR ,10491.3
71.4,1153.1,1,INCOM MARK 1 REACTOR ,9493.6
120.8,2283.8,2,WAOS SUNRAY REACTOR ,11888.5
554.9,43103.6,9,SOROSUUB TURBINE ADVANCED ,26656.7
125.3,2229.6,2,WAOS SUNRAY REACTOR ,11128.9
74.3,1481.8,1,INCOM MARK 1 REACTOR ,10215.8
225.8,5120.7,4,INCOM CUSTOM MARK II REACTOR ,12069.2
72.1,1327.6,1,SUBPRO DYNA-I REACTOR ,6799.2
77.2,1031.0,1,INCOM MARK 1 REACTOR ,8584.3
110.9,2442.8,2,FREITEK INC. PERFORMANCE LEVEL 1 REACTOR ,10710.4
112.4,2869.4,2,FREITEK INC. PERFORMANCE LEVEL 1 REACTOR ,10590.3
123.4,2092.7,2,WAOS SUNRAY REACTOR ,11066.9
761.3,31303.7,8,SLAYN & KORPIL VOEX MK4 REACTOR ,31705.3
306.0,8481.5,5,MANDALMOTORS DXR-4 REACTOR ,13718.6
753.6,35025.6,8,MANDALMOTORS DXR-6 REACTOR ,27595.3
484.0,20632.3,7,MANDALMOTORS DXR-5 REACTOR ,25762.3
318.7,8629.3,5,FREITEK POWERHOUSE MARK II REACTOR ,16400.2
704.6,38922.2,8,ARMEK SUPER-COLLIDER REACTOR ,28273.6
549.3,54104.9,9,SOROSUUB TURBINE ADVANCED ,26596.4
500.3,22386.0,7,KOENSAYR SUPERNOVA ADVANCED REACTOR ,24906.3
537.9,50374.2,9,ARMEK URA COLLIDER ,27027.3
724.7,33840.2,8,SLAYN & KORPIL VOEX MK4 REACTOR ,27226.6
735.8,29948.3,8,SLAYN & KORPIL VOEX MK4 REACTOR ,27655.7
482.7,22833.9,7,SLAYN & KORPIL VOEX MK3 REACTOR ,22337.2
123.9,2390.6,2,INCOM IMPROVED MARK I REACTOR ,9607.5
111.2,1687.0,2,FREITEK INC. PERFORMANCE LEVEL 1 REACTOR ,10932.2
115.9,1649.1,2,FREITEK INC. PERFORMANCE LEVEL 1 REACTOR ,10641.2
124.9,2193.8,2,INCOM IMPROVED MARK I REACTOR ,7675.2
683.3,32385.1,8,KUAT SYSTEMS ENGINEERING RCT-Z REACTOR ,30905.7
746.2,38857.3,8,SLAYN & KORPIL VOEX MK4 REACTOR ,26690.0
181.8,3216.9,3,SLAYN & KORPIL VOEX MK1 REACTOR ,12686.0
336.4,8069.7,5,KOENSAYR SUPERNOVA MARK III REACTOR ,16419.8
75.1,1243.6,1,SUBPRO DYNA-I REACTOR ,8167.6
542.3,18123.3,6,SUBPRO AURORA REACTOR ,18573.6
126.2,3002.1,2,INCOM IMPROVED MARK I REACTOR ,9774.7
671.6,36198.3,8,AIM & BAK EXPERIMENTAL REACTOR S2 ,25794.0
71.4,1334.1,1,SUBPRO DYNA-I REACTOR ,10144.3
115.3,2355.6,2,FREITEK INC. PERFORMANCE LEVEL 1 REACTOR ,8184.7
470.0,23539.6,7,SUBPRO AURORA MAX ,23524.2
73.7,1034.9,1,SUBPRO DYNA-I REACTOR ,11207.8
566.6,68191.3,9,ARMEK URA COLLIDER ,22792.2
447.9,19447.7,7,SUBPRO AURORA MAX ,31071.1
558.4,47920.5,9,MANDALMOTORS DX-ADVANCED REACTOR ,28845.7
347.5,8060.2,5,INCOM MARK 3 REACTOR ,15047.8
124.9,2444.4,2,INCOM IMPROVED MARK I REACTOR ,10917.7
482.8,16546.3,6,AIM & BAK EXPERIMENTAL REACTOR S1 ,20685.2
457.8,17246.7,7,SLAYN & KORPIL VOEX MK3 REACTOR ,31427.0
891.2,62027.6,10,CORELLIAN MODIFIED BT5 REACTOR ,39132.5
1157.3,42743.7,10,MANDALOR MOTORS GORAX ELITE REACTOR ,27749.9
862.0,57891.0,10,CORELLIAN MODIFIED BT5 REACTOR ,32178.5
266.4,5376.1,4,KUAT SYSTEMS ENGINEERING RCT-X REACTOR ,13018.1
470.2,25060.1,7,SLAYN & KORPIL VOEX MK3 REACTOR ,29242.7
343.4,8749.0,5,INCOM MARK 3 REACTOR ,16500.6
322.3,6434.2,5,FREITEK POWERHOUSE MARK II REACTOR ,17051.6
698.8,39511.7,8,SLAYN & KORPIL VOEX MK4 REACTOR ,25207.4
411.0,17237.6,6,SLAYN & KORPIL VOEX MK2 REACTOR ,17473.9
260.3,5652.2,4,FREITEK IMPROVED MARK I POWERHOUSE REACTOR ,13772.3
823.6,61512.3,10,INCOM ELITE REACTOR ,24122.8
370.2,9174.5,5,INCOM MARK 3 REACTOR ,16695.2
238.5,6149.7,4,KOENSAYR ENHANCED MARK II SUPERNOVA REACTOR ,11576.6
449.3,11883.0,6,(UNKNOWN) PROTON CHAMBER REACTOR ,20060.1
268.5,6827.2,4,FREITEK IMPROVED MARK I POWERHOUSE REACTOR ,14104.7
840.9,53720.4,10,CORELLIAN MODIFIED BT5 REACTOR ,37491.6
836.3,60556.1,10,CORELLIAN MODIFIED BT3 REACTOR ,38774.6
244.6,6129.9,4,FREITEK IMPROVED MARK I POWERHOUSE REACTOR ,10839.8
123.2,2188.9,2,INCOM IMPROVED MARK I REACTOR ,11657.7
189.2,3072.8,3,FREITEK POWERHOUSE MARK I REACTOR ,10397.6
493.0,22954.7,7,KOENSAYR SUPERNOVA ADVANCED REACTOR ,28098.0
1245.2,69457.7,10,MANDALOR MOTORS GORAX ELITE REACTOR ,31743.7
498.6,57869.1,9,INCOM ADVANCED REACTOR ,24838.4
494.8,50696.1,9,INCOM ADVANCED REACTOR ,25524.2
688.1,39115.8,8,ARMEK SUPER-COLLIDER REACTOR ,25644.7
538.5,52859.4,9,SOROSUUB TURBINE ADVANCED ,32299.6
127.8,1951.3,2,INCOM IMPROVED MARK I REACTOR ,9848.2
459.4,13102.4,6,(UNKNOWN) MUI-CORE REACTOR ,22074.0
480.7,15555.3,6,(UNKNOWN) MUI-CORE REACTOR ,23349.6
705.4,40795.2,8,KUAT SYSTEMS ENGINEERING RCT-Z REACTOR ,31866.3
442.6,27108.4,7,MANDALMOTORS DXR-5 REACTOR ,23359.5
108.8,1786.8,2,FREITEK INC. PERFORMANCE LEVEL 1 REACTOR ,9646.9
495.3,23279.0,7,KOENSAYR SUPERNOVA ADVANCED REACTOR ,25659.9
195.2,2609.1,3,SOROSUUB FUSION REACTOR 1 ,12743.5
113.6,2286.9,2,FREITEK INC. PERFORMANCE LEVEL 1 REACTOR ,9156.6
248.4,5824.1,4,KOENSAYR ENHANCED MARK II SUPERNOVA REACTOR ,12601.8
73.7,1227.7,1,INCOM MARK 1 REACTOR ,9011.4
77.1,1090.9,1,SUBPRO DYNA-I REACTOR ,9931.6
742.8,38383.2,8,MANDALMOTORS DXR-6 REACTOR ,27838.1
715.4,33615.7,8,SLAYN & KORPIL VOEX MK4 REACTOR ,30240.5
770.4,48785.2,8,SLAYN & KORPIL VOEX MK4 REACTOR ,31180.4
744.9,29040.3,8,SLAYN & KORPIL VOEX MK4 REACTOR ,26460.4
119.7,2626.0,2,INCOM IMPROVED MARK I REACTOR ,9244.0
303.4,8597.5,5,SOROSUUB FUSION REACTOR 3 ,14550.3
250.7,7570.8,4,FREITEK IMPROVED MARK I POWERHOUSE REACTOR ,14561.7
127.3,1964.4,2,INCOM IMPROVED MARK I REACTOR ,8809.7
707.9,30841.1,8,KUAT SYSTEMS ENGINEERING RCT-Z REACTOR ,28101.8
328.5,9862.2,5,SOROSUUB FUSION REACTOR 3 ,14111.7
243.2,3120.6,4,INCOM CUSTOM MARK II REACTOR ,13951.8
560.7,50860.7,9,ARMEK URA COLLIDER ,29550.4
886.9,60737.3,10,SLAYN & KORPIL HYPERON 4000 REACTOR ,33236.7
460.6,17408.9,6,(UNKNOWN) MUI-CORE REACTOR ,21430.0
177.2,4699.2,3,KOENSAYR MARK II SUPERNOVA REACTOR ,10897.9
491.7,55370.3,9,INCOM ADVANCED REACTOR ,28758.2
455.9,55481.9,9,INCOM OVERDRIVEN ELITE REACTOR ,27155.6
183.1,1997.8,3,KUAT SYSTEMS ENGINEERING LX-21 ,9396.1
528.3,14649.7,6,SUBPRO AURORA REACTOR ,18970.6
716.7,30402.2,8,AIM & BAK EXPERIMENTAL REACTOR S2 ,28428.2
164.1,3166.2,3,KUAT SYSTEMS ENGINEERING LX-21 ,11698.8
177.2,3324.3,3,KUAT SYSTEMS ENGINEERING LX-21 ,10499.8
693.6,35127.6,8,AIM & BAK EXPERIMENTAL REACTOR S2 ,23676.0
734.5,42212.2,8,AIM & BAK EXPERIMENTAL REACTOR S2 ,25260.2
567.6,41904.0,9,MANDALMOTORS DX-ADVANCED REACTOR ,26103.8
694.3,28674.4,8,AIM & BAK EXPERIMENTAL REACTOR S2 ,28237.1
177.5,2815.3,3,KOENSAYR MARK II SUPERNOVA REACTOR ,9660.8
107.6,1938.0,2,FREITEK INC. PERFORMANCE LEVEL 1 REACTOR ,11022.4
128.6,2527.4,2,INCOM IMPROVED MARK I REACTOR ,10690.7
114.3,2312.3,2,FREITEK INC. PERFORMANCE LEVEL 1 REACTOR ,10278.1
126.9,1922.0,2,INCOM IMPROVED MARK I REACTOR ,10488.9
403.0,14771.8,6,SLAYN & KORPIL VOEX MK2 REACTOR ,19582.8
187.8,3913.4,3,SOROSUUB FUSION REACTOR 1 ,10336.3
503.5,11570.2,6,SUBPRO AURORA REACTOR ,21845.6
168.8,2302.6,3,KUAT SYSTEMS ENGINEERING LX-21 ,13407.0
463.4,21328.1,7,SLAYN & KORPIL VOEX MK3 REACTOR ,23505.5
170.5,2906.2,3,KUAT SYSTEMS ENGINEERING LX-21 ,11141.0
710.8,40896.2,8,AIM & BAK EXPERIMENTAL REACTOR S2 ,21629.2
175.0,3279.7,3,KUAT SYSTEMS ENGINEERING LX-21 ,10479.4
699.3,39180.4,8,SIENAR FLEET SYSTEMS IMPERIAL-5 REACTOR ,28050.8
700.9,38518.7,8,AIM & BAK EXPERIMENTAL REACTOR S2 ,28267.7
678.8,42485.8,8,AIM & BAK EXPERIMENTAL REACTOR S2 ,25921.7
446.5,23436.2,7,SLAYN & KORPIL VOEX MK3 REACTOR ,27060.4
707.5,25612.5,8,AIM & BAK EXPERIMENTAL REACTOR S2 ,22258.8
552.1,62385.1,9,SIENAR FLEET SYSTEMS SPECIAL FORCES REACTOR ,24158.6
587.9,56343.3,9,SIENAR FLEET SYSTEMS SPECIAL FORCES REACTOR ,28874.3
491.6,19084.5,7,KOENSAYR SUPERNOVA ADVANCED REACTOR ,24209.5
359.7,8035.0,5,INCOM MARK 3 REACTOR ,16502.4
1153.5,58481.9,10,MANDALOR MOTORS GORAX ELITE REACTOR ,30877.2
481.1,22384.1,7,SIENAR LEVEL 4 REACTOR ,24795.5
175.6,3283.2,3,KUAT SYSTEMS ENGINEERING LX-21 ,11448.7
683.8,39798.1,8,AIM & BAK EXPERIMENTAL REACTOR S2 ,27632.3
523.5,18385.6,7,RENDILI TYPE7 REACTOR ,22795.4
724.1,39463.3,8,MANDALMOTORS DXR-6 REACTOR ,26714.9
798.0,73211.5,10,MON CALAMARI OVERDRIVER REACTOR ,30702.1
686.5,28291.4,8,AIM & BAK EXPERIMENTAL REACTOR S2 ,27060.8
478.6,18672.0,7,SLAYN & KORPIL VOEX MK3 REACTOR ,26608.9
182.9,4166.2,3,KUAT SYSTEMS ENGINEERING LX-21 ,10688.0
179.2,2580.4,3,KUAT SYSTEMS ENGINEERING LX-21 ,10338.2
439.1,21679.7,7,SLAYN & KORPIL VOEX MK3 REACTOR ,22108.2
482.4,14609.8,6,KRAYT NEVERDIE REACTOR ,21359.1
471.8,12779.8,6,AIM & BAK EXPERIMENTAL REACTOR S1 ,23412.8
703.9,40374.4,8,AIM & BAK EXPERIMENTAL REACTOR S2 ,25512.9
697.0,37014.4,8,AIM & BAK EXPERIMENTAL REACTOR S2 ,24397.5
173.5,3689.9,3,KUAT SYSTEMS ENGINEERING LX-21 ,9602.1
484.8,13214.8,6,(UNKNOWN) DISTRESSED ALUMINUM REACTOR ,19673.5
461.5,22735.7,7,SLAYN & KORPIL VOEX MK3 REACTOR ,27324.8
461.2,12761.5,6,(UNKNOWN) DISTRESSED ALUMINUM REACTOR ,21402.4
489.6,22141.9,7,REPUBLIC SIENAR SYSTEMS X12 REACTOR ,19762.2
701.5,34024.8,8,AIM & BAK EXPERIMENTAL REACTOR S2 ,25125.7
470.2,19124.5,7,SLAYN & KORPIL VOEX MK3 REACTOR ,25787.1
487.0,17465.0,7,SLAYN & KORPIL VOEX MK3 REACTOR ,26298.9
709.2,26244.1,8,AIM & BAK EXPERIMENTAL REACTOR S2 ,26802.5
697.3,33107.9,8,AIM & BAK EXPERIMENTAL REACTOR S2 ,24104.2
468.3,15655.5,7,SLAYN & KORPIL VOEX MK3 REACTOR ,23051.1
430.4,18848.6,7,INCOM MARK 4 REACTOR ,22505.7
472.4,17688.8,6,AIM & BAK EXPERIMENTAL REACTOR S1 ,21429.5
618.9,14420.5,6,SUBPRO MILITARY-GRADE REACTOR ,19000.1
329.8,8539.0,5,SLAYN & KORPIL HYPERON 2000 REACTOR ,13874.5
710.8,34425.2,8,AIM & BAK EXPERIMENTAL REACTOR S2 ,29434.1
794.7,69424.0,10,ARMEK PHASE GRINDER REACTOR ,27897.6
911.0,36035.8,8,REPUBLIC SIENAR SYSTEMS ADVANCED MILITARY-GRADE REACTOR ,37000.4
689.5,39638.8,8,AIM & BAK EXPERIMENTAL REACTOR S2 ,30471.4
475.9,19786.2,7,AIM EXPERIMENTAL S3 ,25527.8
446.2,19714.3,7,SUBPRO AURORA MAX ,22670.0
619.0,14421.2,6,SIENAR DESIGN SYSTEMS HIGH-OUTPUT REACTOR ,18999.9
469.9,19804.6,7,MANDALMOTORS DXR-5 REACTOR ,26442.4
618.9,14420.2,6,SLAYN & KORPIL HYPERVOEX REACTOR ,19001.2
682.2,41980.7,8,AIM & BAK EXPERIMENTAL REACTOR S2 ,27544.0
709.0,22835.3,8,AIM & BAK EXPERIMENTAL REACTOR S2 ,27440.0
693.2,34474.6,8,AIM & BAK EXPERIMENTAL REACTOR S2 ,27351.3
693.1,24931.2,8,AIM & BAK EXPERIMENTAL REACTOR S2 ,29739.9
693.2,34180.1,8,AIM & BAK EXPERIMENTAL REACTOR S2 ,23500.8
687.8,33483.6,8,AIM & BAK EXPERIMENTAL REACTOR S2 ,25264.8
686.3,37906.9,8,AIM & BAK EXPERIMENTAL REACTOR S2 ,28055.0
488.9,16129.7,6,(UNKNOWN) MUI-CORE REACTOR ,21879.2
340.5,7801.3,5,RENDILI TYPE5 REACTOR ,15877.8
567.2,39855.0,9,KUAT SYSTEMS ENGINEERING SUPREME REACTOR ,25442.7
709.6,35447.3,8,AIM & BAK EXPERIMENTAL REACTOR S2 ,21871.6
170.5,4053.6,3,KUAT SYSTEMS ENGINEERING LX-21 ,11491.3
169.2,3899.9,3,KUAT SYSTEMS ENGINEERING LX-21 ,13010.4
287.5,9407.7,5,SIENAR LEVEL 3 REACTOR ,14030.6
164.1,3442.2,3,KUAT SYSTEMS ENGINEERING LX-21 ,10477.4
170.5,3421.0,3,KUAT SYSTEMS ENGINEERING LX-21 ,11687.3
705.3,44538.5,8,AIM & BAK EXPERIMENTAL REACTOR S2 ,27457.4
498.6,58395.9,9,INCOM ADVANCED REACTOR ,27853.2
700.1,30692.9,8,AIM & BAK EXPERIMENTAL REACTOR S2 ,22015.1
465.2,21397.1,7,SLAYN & KORPIL VOEX MK3 REACTOR ,22333.0
464.0,22875.4,7,SLAYN & KORPIL VOEX MK3 REACTOR ,24806.6
488.9,13155.1,6,(UNKNOWN) DISTRESSED ALUMINUM REACTOR ,20015.7
828.2,71162.4,10,SLAYN & KORPIL HYPERON 4000 REACTOR ,29545.2
177.3,3479.2,3,KUAT SYSTEMS ENGINEERING LX-21 ,11100.4
519.4,48836.7,9,CYGNUS ADVANCED ,24897.4
830.1,55046.4,10,INCOM ELITE REACTOR ,24606.5
466.7,16498.9,6,(UNKNOWN) DISTRESSED ALUMINUM REACTOR ,18849.3
758.4,60089.9,10,ARMEK PHASE GRINDER REACTOR ,30288.6
755.6,56837.2,9,MANDALOR MOTORS GORAX REACTOR ,24460.7
541.6,45656.6,9,ARMEK URA COLLIDER ,29242.4
737.9,72524.0,10,ARMEK PHASE GRINDER REACTOR ,28383.1
315.1,8556.8,5,MANDALMOTORS DXR-4 REACTOR ,15779.0
1193.1,70330.8,10,MANDALOR MOTORS GORAX ELITE REACTOR ,33982.1
439.8,15794.7,6,SLAYN & KORPIL VOEX MK2 REACTOR ,19104.0
262.5,4597.4,4,FREITEK IMPROVED MARK I POWERHOUSE REACTOR ,12594.6
463.0,25980.9,7,SUBPRO AURORA MAX ,28080.6
709.9,29506.4,8,AIM & BAK EXPERIMENTAL REACTOR S2 ,25702.5
694.7,32881.9,8,AIM & BAK EXPERIMENTAL REACTOR S2 ,26986.9
411.0,23981.9,7,INCOM MARK 4 REACTOR ,26692.1
680.1,38372.2,8,AIM & BAK EXPERIMENTAL REACTOR S2 ,27380.5
699.3,36709.6,8,AIM & BAK EXPERIMENTAL REACTOR S2 ,27221.9
825.1,50809.5,10,INCOM ELITE REACTOR ,33092.1
176.7,3038.2,3,KUAT SYSTEMS ENGINEERING LX-21 ,13221.5
865.0,69330.3,10,CORELLIAN MODIFIED BT5 REACTOR ,23304.7
730.2,63238.3,10,MON CALAMARI OVERDRIVER REACTOR ,36731.8
476.8,21941.2,7,REPUBLIC SIENAR SYSTEMS X12 REACTOR ,30024.1
610.8,40113.1,8,SUBPRO DYNA-II REACTOR ,24848.6
312.5,9176.8,5,MANDALMOTORS DXR-4 REACTOR ,12213.6
264.1,4355.0,4,FREITEK IMPROVED MARK I POWERHOUSE REACTOR ,11364.9
690.4,32879.1,8,ARMEK SUPER-COLLIDER REACTOR ,30575.9
192.1,2620.1,3,SOROSUUB FUSION REACTOR 1 ,13407.3
824.9,64515.5,10,SLAYN & KORPIL HYPERON 4000 REACTOR ,35126.2
725.8,74263.4,10,MON CALAMARI OVERDRIVER REACTOR ,32828.6
815.0,53314.3,10,SIENAR DESIGN SYSTEMS ELITE REACTOR ,28952.4
491.3,48009.7,9,CYGNUS ADVANCED ,24628.8
478.1,16478.2,7,SLAYN & KORPIL VOEX MK3 REACTOR ,25914.6
462.5,19555.2,7,SLAYN & KORPIL VOEX MK3 REACTOR ,28406.4
716.1,24369.8,8,AIM & BAK EXPERIMENTAL REACTOR S2 ,24990.8
711.6,37725.5,8,AIM & BAK EXPERIMENTAL REACTOR S2 ,24499.7
577.8,50991.1,9,SIENAR FLEET SYSTEMS SPECIAL FORCES REACTOR ,25257.4
469.8,21556.2,7,SLAYN & KORPIL VOEX MK3 REACTOR ,22966.5
476.5,18168.9,7,SLAYN & KORPIL VOEX MK3 REACTOR ,26166.4
911.1,36035.3,8,REPUBLIC SIENAR SYSTEMS ADVANCED MILITARY-GRADE REACTOR ,37000.4
319.4,10306.8,5,SLAYN & KORPIL HYPERON 2000 REACTOR ,15971.9
475.9,19493.0,7,SLAYN & KORPIL VOEX MK3 REACTOR ,25978.5
831.7,59983.7,10,INCOM ELITE REACTOR ,30959.8
1177.1,67223.3,10,MANDALOR MOTORS GORAX ELITE REACTOR ,28025.5
723.5,38116.1,8,AIM & BAK EXPERIMENTAL REACTOR S2 ,26039.8
481.4,22805.6,7,SLAYN & KORPIL VOEX MK3 REACTOR ,23837.2
711.9,31159.1,8,AIM & BAK EXPERIMENTAL REACTOR S2 ,31017.4
445.3,15382.1,6,SLAYN & KORPIL VOEX MK2 REACTOR ,19133.0
549.0,55356.2,9,SOROSUUB TURBINE ADVANCED ,23696.4
488.3,47240.9,9,INCOM ADVANCED REACTOR ,25322.9
707.7,30187.0,8,ARMEK SUPER-COLLIDER REACTOR ,25205.5
709.1,32491.8,8,SLAYN & KORPIL VOEX MK4 REACTOR ,25317.8
679.6,47266.6,8,AIM & BAK EXPERIMENTAL REACTOR S2 ,26807.8
113.7,2575.2,2,FREITEK INC. PERFORMANCE LEVEL 1 REACTOR ,9114.5
215.2,5636.6,4,INCOM CUSTOM MARK II REACTOR ,13708.4
456.6,19607.3,7,SLAYN & KORPIL VOEX MK3 REACTOR ,24808.6
167.3,3054.5,3,KUAT SYSTEMS ENGINEERING LX-21 ,11753.8
684.0,26738.4,8,AIM & BAK EXPERIMENTAL REACTOR S2 ,26817.9
696.6,43998.8,8,AIM & BAK EXPERIMENTAL REACTOR S2 ,28396.8
694.7,32586.0,8,AIM & BAK EXPERIMENTAL REACTOR S2 ,25548.3
675.7,30789.4,8,AIM & BAK EXPERIMENTAL REACTOR S2 ,28443.5
725.7,41265.7,8,AIM & BAK EXPERIMENTAL REACTOR S2 ,24345.4
479.7,14271.6,7,SLAYN & KORPIL VOEX MK3 REACTOR ,23215.5
459.9,18002.3,7,SLAYN & KORPIL VOEX MK3 REACTOR ,25497.1
476.8,21958.4,7,SLAYN & KORPIL VOEX MK3 REACTOR ,25379.1
400.6,14904.7,6,SLAYN & KORPIL VOEX MK2 REACTOR ,19400.1
454.0,25266.0,7,SLAYN & KORPIL VOEX MK3 REACTOR ,23457.3
463.7,21812.8,7,SLAYN & KORPIL VOEX MK3 REACTOR ,26744.3
167.1,3564.1,3,KUAT SYSTEMS ENGINEERING LX-21 ,10924.6
170.8,3111.9,3,KUAT SYSTEMS ENGINEERING LX-21 ,11046.7
728.2,32232.9,8,AIM & BAK EXPERIMENTAL REACTOR S2 ,25259.5
466.9,19587.6,7,SLAYN & KORPIL VOEX MK3 REACTOR ,26713.6
834.1,48833.9,10,INCOM ELITE REACTOR ,28966.7
466.6,16906.1,6,REPUBLIC SIENAR SYSTEMS X8 REACTOR ,18526.8
696.7,39664.0,8,AIM & BAK EXPERIMENTAL REACTOR S2 ,25970.1
173.0,3436.0,3,KUAT SYSTEMS ENGINEERING LX-21 ,11824.3
601.5,59072.7,9,KUAT DRIVE YARDS POWERMASTER ELITE REACTOR ,29507.6
179.7,2370.3,3,FREITEK POWERHOUSE MARK I REACTOR ,11499.9
187.8,3876.7,3,SOROSUUB FUSION REACTOR 1 ,11445.5
186.9,3702.3,3,FREITEK POWERHOUSE MARK I REACTOR ,11407.5
699.3,47154.8,8,KUAT SYSTEMS ENGINEERING RCT-Z REACTOR ,22725.3
552.9,43565.5,9,KUAT SYSTEMS ENGINEERING SUPREME REACTOR ,30707.7
118.8,2370.4,2,INCOM IMPROVED MARK I REACTOR ,10115.7
835.3,58111.9,10,CORELLIAN MODIFIED BT5 REACTOR ,33982.9
721.7,63718.1,10,MON CALAMARI OVERDRIVER REACTOR ,33741.9
688.3,41068.0,8,AIM & BAK EXPERIMENTAL REACTOR S2 ,30931.7
835.2,69131.6,10,SLAYN & KORPIL HYPERON 4000 REACTOR ,25282.4
304.6,11650.7,5,KOENSAYR SUPERNOVA MARK III REACTOR ,18291.8
561.0,54704.3,9,ARMEK URA COLLIDER ,26112.6
112.7,2563.0,2,FREITEK INC. PERFORMANCE LEVEL 1 REACTOR ,10922.8
172.8,3625.9,3,KUAT SYSTEMS ENGINEERING LX-21 ,12162.8
471.6,20350.7,7,SLAYN & KORPIL VOEX MK3 REACTOR ,28034.3
460.9,16711.7,7,SLAYN & KORPIL VOEX MK3 REACTOR ,22528.6
455.3,16400.4,7,SLAYN & KORPIL VOEX MK3 REACTOR ,27054.1
564.5,61248.3,9,SIENAR FLEET SYSTEMS ADVANCED REACTOR ,27480.7
499.9,15039.8,6,REPUBLIC SIENAR SYSTEMS X8 REACTOR ,18545.5
462.1,17147.6,7,SLAYN & KORPIL VOEX MK3 REACTOR ,28261.7
874.9,48372.3,10,CORELLIAN MODIFIED BT5 REACTOR ,24019.2
816.0,70064.8,10,SLAYN & KORPIL HYPERON 4000 REACTOR ,38042.3
707.9,37678.9,8,AIM & BAK EXPERIMENTAL REACTOR S2 ,25312.5
447.5,20422.3,7,SLAYN & KORPIL VOEX MK3 REACTOR ,25002.6
469.7,18116.5,7,SLAYN & KORPIL VOEX MK3 REACTOR ,24769.5
174.0,3134.4,3,KUAT SYSTEMS ENGINEERING LX-21 ,11827.9
819.1,64654.9,10,CORELLIAN MODIFIED BT3 REACTOR ,29863.1
757.8,66938.0,10,MON CALAMARI OVERDRIVER REACTOR ,24800.1
834.7,60911.6,10,INCOM ELITE REACTOR ,24363.2
741.7,60419.5,10,MON CALAMARI OVERDRIVER REACTOR ,28854.8
492.9,15340.2,6,(UNKNOWN) DISTRESSED ALUMINUM REACTOR ,22807.8
837.3,54599.7,10,CORELLIAN MODIFIED BT5 REACTOR ,25850.2
566.9,55212.6,9,SOROSUUB TURBINE ADVANCED ,29181.6
323.3,8023.4,5,FREITEK POWERHOUSE MARK II REACTOR ,15612.0
455.6,19445.4,7,SLAYN & KORPIL VOEX MK3 REACTOR ,23245.3
482.5,17356.1,7,KOENSAYR SUPERNOVA ADVANCED REACTOR ,26256.8
465.0,10064.2,6,(UNKNOWN) DISTRESSED ALUMINUM REACTOR ,20227.8
170.0,3296.0,3,KUAT SYSTEMS ENGINEERING LX-21 ,11847.6
486.4,22552.7,7,SLAYN & KORPIL VOEX MK3 REACTOR ,26550.7
168.2,3552.4,3,KUAT SYSTEMS ENGINEERING LX-21 ,10524.7
322.2,8629.9,5,SOROSUUB FUSION REACTOR 3 ,17615.7
168.5,3992.7,3,KUAT SYSTEMS ENGINEERING LX-21 ,9804.7
679.0,33991.7,8,AIM & BAK EXPERIMENTAL REACTOR S2 ,24991.6
872.0,69952.5,10,INCOM ELITE REACTOR ,29040.9
448.3,16568.5,6,SLAYN & KORPIL VOEX MK2 REACTOR ,23784.3
175.4,3623.5,3,KUAT SYSTEMS ENGINEERING LX-21 ,11034.6
464.8,22118.3,7,SLAYN & KORPIL VOEX MK3 REACTOR ,29341.9
463.3,49271.3,9,INCOM OVERDRIVEN ELITE REACTOR ,29778.2
703.1,46387.4,8,KUAT SYSTEMS ENGINEERING RCT-Z REACTOR ,31786.9
721.8,36829.8,8,AIM & BAK EXPERIMENTAL REACTOR S2 ,26283.8
486.7,19380.1,7,SLAYN & KORPIL VOEX MK3 REACTOR ,24793.1
472.7,18809.3,7,SLAYN & KORPIL VOEX MK3 REACTOR ,27126.9
472.4,23672.8,7,SLAYN & KORPIL VOEX MK3 REACTOR ,23367.5
854.5,75618.5,10,CORELLIAN MODIFIED BT5 REACTOR ,34162.3
712.1,42941.1,8,SIENAR FLEET SYSTEMS IMPERIAL-5 REACTOR ,28301.6
479.0,13824.1,6,REPUBLIC SIENAR SYSTEMS X8 REACTOR ,19466.6
515.3,16192.7,6,SUBPRO AURORA REACTOR ,20657.4
177.0,2974.1,3,KUAT SYSTEMS ENGINEERING LX-21 ,12124.0
725.3,36564.8,8,AIM & BAK EXPERIMENTAL REACTOR S2 ,25993.9
687.7,34012.5,8,SIENAR DESIGN SYSTEMS SPECIAL FORCES 1 REACTOR ,33213.5
312.7,8391.2,5,SIENAR DESIGN SYSTEMS IMPERIAL 1 REACTOR ,14633.8
747.0,33562.5,8,FREITEK POWERHOUSE MARK III REACTOR ,27472.7
461.2,14468.9,6,(UNKNOWN) PROTON CHAMBER REACTOR ,19167.5
864.2,76263.3,10,CORELLIAN MODIFIED BT5 REACTOR ,25498.8
568.3,51148.9,9,SIENAR FLEET SYSTEMS ADVANCED REACTOR ,24659.3
465.8,18769.3,7,SLAYN & KORPIL VOEX MK3 REACTOR ,25081.1
812.8,67539.2,10,RENDILI TYPE X ELITE REACTOR ,33070.2
521.6,26088.1,7,RENDILI TYPE7 REACTOR ,23019.3
654.8,33892.9,8,AIM & BAK EXPERIMENTAL REACTOR S2 ,24721.2
700.7,31688.4,8,AIM & BAK EXPERIMENTAL REACTOR S2 ,26505.3
449.1,58971.0,9,INCOM OVERDRIVEN ELITE REACTOR ,25426.8
484.2,12053.9,7,SLAYN & KORPIL VOEX MK3 REACTOR ,28356.6
455.2,15075.8,6,(UNKNOWN) PROTON CHAMBER REACTOR ,18274.3
174.5,3781.1,3,KUAT SYSTEMS ENGINEERING LX-21 ,13410.7
322.0,7366.6,5,SOROSUUB FUSION REACTOR 3 ,15817.7
350.4,7354.2,5,RENDILI TYPE5 REACTOR ,14211.0
713.3,23500.3,8,AIM & BAK EXPERIMENTAL REACTOR S2 ,25821.5
472.0,15227.7,7,SLAYN & KORPIL VOEX MK3 REACTOR ,28126.9
560.1,49465.2,9,SIENAR FLEET SYSTEMS SPECIAL FORCES REACTOR ,27435.5
460.9,20624.1,7,SLAYN & KORPIL VOEX MK3 REACTOR ,21840.0
171.3,2699.8,3,KUAT SYSTEMS ENGINEERING LX-21 ,11710.5
680.2,38293.6,8,AIM & BAK EXPERIMENTAL REACTOR S2 ,24996.0
764.4,42730.0,8,FREITEK POWERHOUSE MARK III REACTOR ,28068.0
176.0,2666.5,3,KUAT SYSTEMS ENGINEERING LX-21 ,10792.0
229.5,5304.1,4,INCOM CUSTOM MARK II REACTOR ,12871.4
729.2,33139.3,8,SLAYN & KORPIL VOEX MK4 REACTOR ,24043.1
851.2,49566.8,10,INCOM ELITE REACTOR ,30556.6
718.5,68199.7,10,MON CALAMARI OVERDRIVER REACTOR ,30339.0
332.4,8959.0,5,SOROSUUB FUSION REACTOR 3 ,14671.3
168.9,3997.3,3,KOENSAYR MARK II SUPERNOVA REACTOR ,11819.2
316.2,6578.7,5,SOROSUUB FUSION REACTOR 3 ,17176.6
688.0,34464.1,8,AIM & BAK EXPERIMENTAL REACTOR S2 ,27351.1
546.1,41507.5,9,MANDALMOTORS DX-ADVANCED REACTOR ,24146.1
1159.6,68504.1,10,MANDALOR MOTORS GORAX ELITE REACTOR ,31319.5
714.5,43772.4,8,AIM & BAK EXPERIMENTAL REACTOR S2 ,23414.8
317.5,8855.9,5,SOROSUUB FUSION REACTOR 3 ,18517.2
172.6,3620.1,3,KOENSAYR MARK II SUPERNOVA REACTOR ,12342.4
177.9,2350.8,3,KUAT SYSTEMS ENGINEERING LX-21 ,12253.1
466.3,27753.6,7,SLAYN & KORPIL VOEX MK3 REACTOR ,27871.2
169.0,2471.4,3,KUAT SYSTEMS ENGINEERING LX-21 ,12200.0
173.5,2984.4,3,KUAT SYSTEMS ENGINEERING LX-21 ,9883.6
477.2,13123.1,6,AIM & BAK EXPERIMENTAL REACTOR S1 ,22052.3
863.4,64899.9,10,INCOM ELITE REACTOR ,28960.3
358.8,9664.3,5,INCOM MARK 3 REACTOR ,17373.2
222.1,5705.7,4,KOENSAYR ENHANCED MARK II SUPERNOVA REACTOR ,14478.9
555.0,14055.1,6,SUBPRO AURORA REACTOR ,20375.9
693.7,35860.0,8,AIM & BAK EXPERIMENTAL REACTOR S2 ,26607.0
618.9,14420.3,6,SUBPRO MILITARY-GRADE REACTOR ,18999.6
618.9,14420.6,6,SLAYN & KORPIL HYPERVOEX REACTOR ,18999.4
288.8,8065.4,5,SIENAR LEVEL 3 REACTOR ,15889.7
707.5,35155.6,8,AIM & BAK EXPERIMENTAL REACTOR S2 ,29389.9
828.3,70031.1,10,CORELLIAN MODIFIED BT3 REACTOR ,31678.4
744.8,25785.5,8,AIM & BAK EXPERIMENTAL REACTOR S2 ,27041.4
713.4,27994.4,8,AIM & BAK EXPERIMENTAL REACTOR S2 ,21886.7
713.4,38544.4,8,AIM & BAK EXPERIMENTAL REACTOR S2 ,24668.5
911.1,36035.9,8,REPUBLIC SIENAR SYSTEMS ADVANCED MILITARY-GRADE REACTOR ,36999.0
712.4,36389.0,8,AIM & BAK EXPERIMENTAL REACTOR S2 ,25909.0
541.2,47694.9,9,ARMEK URA COLLIDER ,28527.4
700.8,34138.6,8,AIM & BAK EXPERIMENTAL REACTOR S2 ,27378.7
618.9,14421.0,6,SLAYN & KORPIL HYPERVOEX REACTOR ,18999.2
631.7,26368.7,8,SUBPRO DYNA-II REACTOR ,25896.2
557.9,40063.0,9,MANDALMOTORS DX-ADVANCED REACTOR ,25411.5
196.1,3340.1,3,SOROSUUB FUSION REACTOR 1 ,10434.4
333.6,10282.5,5,RENDILI TYPE5 REACTOR ,14645.6
618.9,14419.6,6,SIENAR DESIGN SYSTEMS HIGH-OUTPUT REACTOR ,19001.7
714.8,29252.3,8,AIM & BAK EXPERIMENTAL REACTOR S2 ,27212.0
473.5,20712.0,7,SLAYN & KORPIL VOEX MK3 REACTOR ,25553.4
685.9,30514.9,8,AIM & BAK EXPERIMENTAL REACTOR S2 ,25386.1
171.1,3072.6,3,KUAT SYSTEMS ENGINEERING LX-21 ,12089.4
234.9,6280.5,4,KOENSAYR ENHANCED MARK II SUPERNOVA REACTOR ,9795.1
476.8,20515.1,7,SLAYN & KORPIL VOEX MK3 REACTOR ,24529.4
176.7,3411.5,3,KUAT SYSTEMS ENGINEERING LX-21 ,12484.0
687.9,35969.0,8,AIM & BAK EXPERIMENTAL REACTOR S2 ,24661.3
472.9,20800.2,7,MANDALMOTORS DXR-5 REACTOR ,28224.8
465.0,17696.5,7,SLAYN & KORPIL VOEX MK3 REACTOR ,23037.8
444.2,11700.2,6,SLAYN & KORPIL VOEX MK2 REACTOR ,22875.3
840.1,47024.1,10,RENDILI TYPE X ELITE REACTOR ,21293.7
742.9,35684.6,8,AIM & BAK EXPERIMENTAL REACTOR S2 ,25674.8
742.0,42833.4,8,AIM & BAK EXPERIMENTAL REACTOR S2 ,25611.5
320.9,10209.2,5,MANDALMOTORS DXR-4 REACTOR ,17779.9
421.3,22909.5,7,INCOM MARK 4 REACTOR ,23572.3
703.2,27584.5,8,AIM & BAK EXPERIMENTAL REACTOR S2 ,27550.2
826.1,56506.1,10,CORELLIAN MODIFIED BT3 REACTOR ,22537.3
125.5,2250.3,2,INCOM IMPROVED MARK I REACTOR ,9516.8
838.6,47914.8,10,CORELLIAN MODIFIED BT5 REACTOR ,31454.4
172.3,2922.8,3,KUAT SYSTEMS ENGINEERING LX-21 ,11061.0
471.3,21701.3,7,SLAYN & KORPIL VOEX MK3 REACTOR ,23397.2
885.2,69494.7,10,CORELLIAN MODIFIED BT5 REACTOR ,31444.9
315.6,9721.5,5,SOROSUUB FUSION REACTOR 3 ,20080.9
707.8,36200.8,8,MANDALMOTORS DXR-6 REACTOR ,27019.0
824.9,60545.7,10,CORELLIAN MODIFIED BT3 REACTOR ,27316.5
457.4,15118.5,7,SLAYN & KORPIL VOEX MK3 REACTOR ,26057.6
709.7,31197.5,8,AIM & BAK EXPERIMENTAL REACTOR S2 ,26199.7
467.6,19624.8,7,KOENSAYR SUPERNOVA ADVANCED REACTOR ,26923.0
465.7,22457.0,7,AIM EXPERIMENTAL S3 ,25401.4
758.6,59947.0,10,MON CALAMARI OVERDRIVER REACTOR ,35698.2
690.3,42799.4,8,INCOM MARK 5 REACTOR ,26345.1
694.7,38816.8,8,AIM & BAK EXPERIMENTAL REACTOR S2 ,26458.3
173.7,2897.7,3,KUAT SYSTEMS ENGINEERING LX-21 ,9982.6
172.4,2409.7,3,KUAT SYSTEMS ENGINEERING LX-21 ,11678.3
180.5,3834.0,3,KUAT SYSTEMS ENGINEERING LX-21 ,12680.3
555.6,49511.5,9,,26124.4
843.5,57620.2,10,,36015.2
100.7,2444.4,2,,11653.7
107.7,2404.6,2,,9824.4
100.0,1915.1,2,SIENAR ENHANCED LEVEL 1 REACTOR ,10649.9
296.5,9002.4,5,SIENAR LEVEL 3 REACTOR ,17443.0
111.9,2858.4,2,CYGNUS TUNED MARK I REACTOR ,9429.5
110.3,2400.6,2,CYGNUS TUNED MARK I REACTOR ,8793.7
496.3,13468.7,6,(UNKNOWN) DISTRESSED ALUMINUM REACTOR ,21097.7
728.1,36233.5,8,SIENAR FLEET SYSTEMS IMPERIAL-5 REACTOR ,27264.5
76.5,1378.3,1,,11153.8
75.7,1108.9,1,,9045.9
757.7,33481.5,8,FREITEK POWERHOUSE MARK III REACTOR ,28604.5
175.5,2945.5,3,SIENAR FLEET SYSTEMS IMPERIAL-1 REACTOR ,9583.1
171.7,3485.0,3,KUAT SYSTEMS ENGINEERING LX-21 ,13336.7
74.5,1211.6,1,KUAT SYSTEMS ENGINEERING LX-1 1 REACTOR ,10610.8
76.1,1341.9,1,CYGNUS MARK I REACTOR ,9180.3
102.6,2377.9,2,SIENAR ENHANCED LEVEL 1 REACTOR ,10207.3
166.4,2256.5,3,KUAT SYSTEMS ENGINEERING LX-21 ,11500.3
268.4,5793.8,4,CYGNUS SUPERCHARGER MARK II REACTOR ,13971.0
76.6,1098.1,1,SIENAR LEVEL 1 REACTOR ,9960.9
170.7,3606.6,3,KUAT SYSTEMS ENGINEERING LX-21 ,10593.0
75.6,1726.5,1,KUAT SYSTEMS ENGINEERING LX-1 1 REACTOR ,8307.4
263.1,6025.5,4,CYGNUS SUPERCHARGER MARK II REACTOR ,10559.5
179.5,3742.8,3,SIENAR FLEET SYSTEMS IMPERIAL-1 REACTOR ,12074.8
250.3,6731.5,4,SIENAR FLEET SYSTEMS IMPERIAL-2 REACTOR ,12933.0
258.5,5165.4,4,SIENAR FLEET SYSTEMS IMPERIAL-2 REACTOR ,12537.0
700.4,33884.4,8,SIENAR FLEET SYSTEMS IMPERIAL-5 REACTOR ,28707.6
174.0,4008.6,3,KUAT SYSTEMS ENGINEERING LX-21 ,11601.3
110.1,2245.0,2,CYGNUS TUNED MARK I REACTOR ,9453.6
327.5,6077.7,5,SIENAR FLEET SYSTEMS IMPERIAL-3 REACTOR ,15619.5
102.1,2296.7,2,SIENAR ENHANCED LEVEL 1 REACTOR ,9533.6
575.6,46615.8,9,KUAT SYSTEMS ENGINEERING SUPREME REACTOR ,29755.8
163.6,3653.3,3,CYGNUS MARK II REACTOR ,12496.9
471.9,16008.4,6,REPUBLIC SIENAR SYSTEMS X8 REACTOR ,17971.6
71.4,1636.8,1,CYGNUS MARK I REACTOR ,10291.8
74.8,1415.8,1,SIENAR LEVEL 1 REACTOR ,8833.6
711.7,34133.7,8,KUAT SYSTEMS ENGINEERING RCT-Z REACTOR ,30417.3
183.7,3037.9,3,SIENAR FLEET SYSTEMS IMPERIAL-1 REACTOR ,8912.3
107.1,2311.9,2,KUAT SYSTEMS ENGINEERING CUSTOM LX-1 1 REACTOR ,10380.2
257.0,5616.1,4,SIENAR FLEET SYSTEMS IMPERIAL-2 REACTOR ,16141.2
482.1,17163.6,6,REPUBLIC SIENAR SYSTEMS X8 REACTOR ,19231.2
247.4,3710.2,4,KUAT SYSTEMS ENGINEERING RCT-X REACTOR ,12016.7
162.1,2466.2,3,CYGNUS MARK II REACTOR ,10468.4
147.8,3499.4,3,SIENAR LEVEL 2 REACTOR ,11401.8
469.4,20532.7,7,REPUBLIC SIENAR SYSTEMS X12 REACTOR ,26511.8
467.8,10459.4,6,(UNKNOWN) MUI-CORE REACTOR ,21255.6
251.1,4010.2,4,KOENSAYR ENHANCED MARK II SUPERNOVA REACTOR ,13722.3
597.3,39642.3,8,SUBPRO DYNA-II REACTOR ,24971.7
713.3,60915.2,10,ARMEK PHASE GRINDER REACTOR ,26907.5
467.5,16954.5,6,AIM & BAK EXPERIMENTAL REACTOR S1 ,20347.4
719.4,31076.2,8,SLAYN & KORPIL VOEX MK4 REACTOR ,22898.0
74.8,1291.6,1,KUAT SYSTEMS ENGINEERING LX-1 1 REACTOR ,9242.0
472.6,19803.3,7,SUBPRO AURORA MAX ,28218.7
673.2,34437.9,8,AIM & BAK EXPERIMENTAL REACTOR S2 ,25714.6
125.8,1479.2,2,WAOS SUNRAY REACTOR ,9596.4
357.5,6163.1,5,INCOM MARK 3 REACTOR ,18548.2
468.8,11096.1,6,(UNKNOWN) DISTRESSED ALUMINUM REACTOR ,22001.3
470.3,19309.5,6,(UNKNOWN) PROTON CHAMBER REACTOR ,18551.3
829.3,53990.8,10,SIENAR DESIGN SYSTEMS ELITE REACTOR ,30150.6
494.7,12693.4,6,(UNKNOWN) MUI-CORE REACTOR ,22656.1
76.8,1427.9,1,KUAT SYSTEMS ENGINEERING LX-1 1 REACTOR ,11016.1
693.3,36516.4,8,KUAT SYSTEMS ENGINEERING RCT-Z REACTOR ,25810.3
483.3,15461.2,7,SIENAR LEVEL 4 REACTOR ,26684.4
75.6,1360.0,1,KUAT SYSTEMS ENGINEERING LX-1 1 REACTOR ,10559.9
303.3,7932.5,5,SIENAR LEVEL 3 REACTOR ,16640.0
113.2,2443.8,2,CYGNUS TUNED MARK I REACTOR ,9796.0
517.8,17094.1,7,RENDILI TYPE7 REACTOR ,23606.6
113.6,2821.3,2,CYGNUS TUNED MARK I REACTOR ,8904.5
462.1,13342.2,7,SIENAR LEVEL 4 REACTOR ,25279.5
477.4,16186.8,6,REPUBLIC SIENAR SYSTEMS X8 REACTOR ,21427.3
107.6,2177.4,2,KUAT SYSTEMS ENGINEERING CUSTOM LX-1 1 REACTOR ,11939.6
108.8,3364.6,2,KUAT SYSTEMS ENGINEERING CUSTOM LX-1 1 REACTOR ,11665.3
235.3,6268.0,4,INCOM CUSTOM MARK II REACTOR ,12313.5
640.5,22387.3,8,SUBPRO DYNA-II REACTOR ,23356.3
117.0,2576.2,2,CYGNUS TUNED MARK I REACTOR ,9392.9
443.0,15707.0,6,SLAYN & KORPIL VOEX MK2 REACTOR ,17527.6
266.1,5173.3,4,KUAT SYSTEMS ENGINEERING RCT-X REACTOR ,11480.4
775.2,61440.0,9,MANDALMOTORS MODIFIED GORAX REACTOR ,28287.4
327.0,9256.7,5,MANDALMOTORS DXR-4 REACTOR ,15187.2
1169.8,37268.6,10,MANDALOR MOTORS GORAX ELITE REACTOR ,24217.3
824.3,54069.6,10,INCOM ELITE REACTOR ,31591.6
516.8,54659.2,9,INCOM ADVANCED REACTOR ,29047.2
507.1,13849.6,6,SUBPRO AURORA REACTOR ,19458.5
178.4,2824.3,3,KOENSAYR MARK II SUPERNOVA REACTOR ,11271.6
862.3,54572.4,10,CORELLIAN MODIFIED BT5 REACTOR ,27313.2
270.5,5694.2,4,SOROSUUB FUSION REACTOR 2 ,14152.0
254.4,3107.4,4,KUAT SYSTEMS ENGINEERING RCT-X REACTOR ,14090.9
452.2,20069.0,7,SUBPRO AURORA MAX ,27186.8
257.8,5166.6,4,KUAT SYSTEMS ENGINEERING RCT-X REACTOR ,14121.3
477.1,15977.4,7,SLAYN & KORPIL VOEX MK3 REACTOR ,26592.2
802.4,30467.6,8,FREITEK POWERHOUSE MARK III REACTOR ,25721.6
475.7,23451.4,7,SUBPRO AURORA MAX ,23589.5
315.5,8356.8,5,KOENSAYR SUPERNOVA MARK III REACTOR ,15792.6
223.8,6645.0,4,INCOM CUSTOM MARK II REACTOR ,14536.3
460.5,23638.8,7,SUBPRO AURORA MAX ,27441.1
73.9,1525.6,1,KUAT SYSTEMS ENGINEERING LX-1 1 REACTOR ,10685.6
619.0,14421.2,6,SLAYN & KORPIL HYPERVOEX REACTOR ,18998.8
463.7,22526.4,7,SLAYN & KORPIL VOEX MK3 REACTOR ,22622.9
329.2,10781.8,5,MANDALMOTORS DXR-4 REACTOR ,14631.8
818.1,69010.0,10,CORELLIAN MODIFIED BT3 REACTOR ,29896.5
618.9,14420.8,6,SLAYN & KORPIL HYPERVOEX REACTOR ,19001.6
703.5,43158.8,8,AIM & BAK EXPERIMENTAL REACTOR S2 ,27821.3
694.1,35612.7,8,KUAT SYSTEMS ENGINEERING RCT-Z REACTOR ,25949.7
717.3,30781.3,8,AIM & BAK EXPERIMENTAL REACTOR S2 ,28054.3
458.2,19231.1,7,SLAYN & KORPIL VOEX MK3 REACTOR ,24857.9
486.4,20966.7,7,SLAYN & KORPIL VOEX MK3 REACTOR ,27439.6
177.6,3548.8,3,KUAT SYSTEMS ENGINEERING LX-21 ,11048.8
490.1,12549.4,6,,23850.2
118.5,1900.5,2,,13084.1
433.0,12535.4,6,SLAYN & KORPIL VOEX MK2 REACTOR ,22348.9
723.0,32553.8,8,SLAYN & KORPIL VOEX MK4 REACTOR ,27370.4
179.1,3355.9,3,KOENSAYR MARK II SUPERNOVA REACTOR ,9183.2
483.3,25945.0,7,SOROSUUB TURBINE 3 ,22086.7
706.0,40289.7,8,KUAT SYSTEMS ENGINEERING RCT-Z REACTOR ,27232.1
225.4,6955.3,4,KOENSAYR ENHANCED MARK II SUPERNOVA REACTOR ,12173.6
289.3,5563.7,4,WAOS SUNRAY MARK III REACTOR ,10510.2
674.4,39584.3,8,INCOM MARK 5 REACTOR ,26570.6
251.7,5393.9,4,KUAT SYSTEMS ENGINEERING RCT-X REACTOR ,12396.1
439.5,15704.1,6,(UNKNOWN) DISTRESSED ALUMINUM REACTOR ,19692.8
552.4,54575.6,9,KUAT SYSTEMS ENGINEERING SUPREME REACTOR ,27302.1
239.0,5875.2,4,KOENSAYR ENHANCED MARK II SUPERNOVA REACTOR ,12111.5
293.8,4201.7,4,SOROSUUB FUSION REACTOR 2 ,11814.2
661.4,32356.8,8,AIM & BAK EXPERIMENTAL REACTOR S2 ,24749.5
703.7,33646.7,8,AIM & BAK EXPERIMENTAL REACTOR S2 ,30327.8
174.2,3514.1,3,KUAT SYSTEMS ENGINEERING LX-21 ,13070.5
724.0,44589.4,8,AIM & BAK EXPERIMENTAL REACTOR S2 ,26225.2
649.6,37088.8,8,SUBPRO DYNA-II REACTOR ,24200.1
411.3,23452.5,7,INCOM MARK 4 REACTOR ,27003.5
195.9,3575.8,3,SOROSUUB FUSION REACTOR 1 ,9984.2
793.5,55510.4,10,INCOM ELITE REACTOR ,29301.8
482.4,11468.3,6,(UNKNOWN) DISTRESSED ALUMINUM REACTOR ,19981.0
698.3,35083.2,8,INCOM MARK 5 REACTOR ,24482.2
752.1,28863.3,8,MANDALMOTORS DXR-6 REACTOR ,29235.1
112.0,1826.7,2,FREITEK INC. PERFORMANCE LEVEL 1 REACTOR ,10379.7
121.8,2033.0,2,WAOS SUNRAY REACTOR ,10376.2
114.7,3064.0,2,,10475.1
302.6,11146.3,5,,14669.4
477.0,13892.1,6,,20602.1
109.5,2656.5,2,,10712.0
482.5,12935.1,6,,18361.5
252.4,7566.9,4,,12476.5
167.0,3815.3,3,,11847.7
74.4,1530.5,1,,10293.2
75.8,1497.2,1,,10266.1
117.5,2617.4,2,,9745.7
