Armor,Mass,Reverse_Engineering_Level,named_component,Reactor_Energy_Drain,Front_Shield_Hitpoints,Back_Shield_Hitpoints,Shield_Recharge_Rate
686.1,60146.4,10,GALLOFREE DEFENDER ELITE SHIELD GENERATOR ,3317.3,1961.6,2117.2,11.6
562.6,49234.1,9,MON CALAMARI ION-WEB ELITE SHIELDS ,2956.6,1693.1,1595.1,12.78
387.0,18934.5,6,PHASED FULLERINE FX12 SHIELD SYSTEM ,2740.7,969.3,990.8,8.78
651.4,61026.7,10,CYGNUS ELITE SHIELD GENERATOR ,3093.3,1606.6,1186.2,17.12
313.0,7669.4,5,KUAT SYSTEMS ENGINEERING MARK III DEFLECTOR SHIELDS ,2770.1,992.3,897.1,6.11
644.9,35031.1,8,GALLOFREE DEFENDER 2 SHIELD GENERATOR ,3143.8,1450.5,1423.3,12.88
213.1,5546.9,4,AIM & BAK STANDARD SHIELDS ,3771.5,644.2,677.6,5.59
550.4,54145.7,9,KUAT SYSTEMS ENGINEERING MARK VII DEFLECTOR SHIELDS ,2758.8,1530.6,1219.2,10.62
515.4,52240.7,9,INCOM TECHSCREEN 2 SHIELD GENERATOR ,2543.2,1177.3,1705.0,12.11
211.7,6107.3,4,INCOM RAYSHIELD X9 ,2893.4,442.8,641.4,5.76
79.9,1465.1,1,MON CALAMARI ION-WEB A DEFLECTOR SHIELDS ,2477.4,183.3,186.8,1.22
216.2,4887.0,4,AIM & BAK STANDARD SHIELDS ,2040.1,619.3,456.6,5.84
76.1,1029.5,1,(UNKNOWN) DUAL DEFLECTOR SYSTEM ,2384.3,183.3,165.8,1.66
550.0,50961.6,9,KUAT SYSTEMS ENGINEERING MARK VII DEFLECTOR SHIELDS ,2830.3,1163.6,1633.8,11.42
166.1,2754.4,3,INCOM RAYSHIELD (EXPERIMENTAL) ,2752.5,548.8,417.9,3.5
565.6,67875.4,9,(EXPERIMENTAL) INTERLACED GRAVITON PROTECTION GRID ,3731.7,953.5,1155.0,10.59
677.4,49023.6,10,GALLOFREE DEFENDER ELITE SHIELD GENERATOR ,3491.3,1862.2,1625.5,16.38
323.7,7081.5,5,MANDALMOTORS FLEXSHIELD KS-5 SHIELDS ,3420.7,859.4,947.2,6.78
546.9,50533.1,9,(EXPERIMENTAL) INTERLACED GRAVITON PROTECTION GRID ,3386.1,1727.1,1570.9,10.81
709.3,57640.8,10,ARMEK PLASMA SHELL ELITE 2 SHIELD GENERATOR ,3413.8,1573.2,1532.9,12.75
212.7,4680.4,4,INCOM RAYSHIELD X9 ,2563.6,614.4,594.4,4.5
84.1,1380.5,1,MON CALAMARI ION-WEB A DEFLECTOR SHIELDS ,3065.0,225.4,238.6,1.33
74.9,1096.7,1,(UNKNOWN) ADVANCED DUAL DEFLECTOR SYSTEM ,2905.4,148.6,242.7,1.63
72.8,1159.6,1,(UNKNOWN) DUAL DEFLECTOR SYSTEM ,2142.7,180.2,221.7,1.6
169.3,2567.3,3,MON CALAMARI DELUXE ION-WEB B DEFLECTOR SHIELDS ,2585.9,607.4,518.5,3.84
86.3,1312.0,1,MON CALAMARI ION-WEB A DEFLECTOR SHIELDS ,2987.6,177.6,175.8,1.65
95.0,2326.0,2,MANDALMOTORS DOUBLE PROTECTOR CLASS SHIELDS MK1 ,1728.9,228.6,222.9,1.75
93.1,1980.6,2,MON CALAMARI DELUXE ION-WEB A DEFLECTOR SHIELDS ,3041.8,180.0,264.2,1.7
217.1,5628.4,4,INCOM RAYSHIELD X9 ,2687.6,477.9,436.9,4.24
76.9,1245.7,1,INCOM DEFLECTOR SCREEN MARK2 ,2696.7,220.7,170.2,1.46
88.6,1961.9,2,INCOM RAYSHIELD R7 ,2489.3,261.6,280.3,1.41
94.6,1993.2,2,KOENSAYR IMPROVED DEFLECTOR SHIELD M1 ,2076.5,282.7,170.7,1.89
164.1,2929.6,3,INCOM RAYSHIELD (SECOND-GENERATION EXPERIMENTAL) ,2678.8,533.9,451.4,3.6
93.4,2409.6,2,MON CALAMARI DELUXE ION-WEB A DEFLECTOR SHIELDS ,2852.5,262.6,334.7,1.96
77.2,1361.0,1,INCOM DEFLECTOR SCREEN MARK 5 ,2672.0,187.2,213.8,1.21
75.5,1337.9,1,INCOM DEFLECTOR SCREEN MARK 9 ,3208.2,169.6,173.8,1.77
74.3,1254.7,1,INCOM DEFLECTOR SCREEN MARK 5 ,2361.2,190.2,180.7,1.55
73.8,1352.1,1,INCOM DEFLECTOR SCREEN MARK 9 ,3349.7,186.8,184.2,1.29
213.9,4791.8,4,INCOM RAYSHIELD X9 ,2570.3,572.5,590.1,5.08
74.3,1560.3,1,INCOM DEFLECTOR SCREEN MARK 9 ,3256.6,112.2,199.5,1.58
170.9,2976.2,3,INCOM RAYSHIELD (EXPERIMENTAL) ,2552.5,447.2,449.3,4.29
94.1,1798.9,2,KOENSAYR IMPROVED DEFLECTOR SHIELD M1 ,2573.3,283.9,221.5,2.09
172.9,2977.8,3,INCOM RAYSHIELD (SECOND-GENERATION EXPERIMENTAL) ,2410.2,372.8,385.3,2.75
171.0,3012.4,3,INCOM RAYSHIELD X5 PROTOTYPE ,2543.0,346.3,417.2,3.19
324.9,8210.0,5,ARMEK PLASMA SHELL S3 SHIELD GENERATOR ,2677.5,1004.0,756.8,8.17
92.3,1957.4,2,KOENSAYR IMPROVED DEFLECTOR SHIELD M1 ,2798.8,231.2,236.5,2.33
693.7,61133.4,10,MON CALAMARI ION-WEB ELITE 2 SHIELDS ,2600.9,2095.5,2712.6,19.2
484.2,19454.6,7,KOENSAYR DEFLECTOR M8 ,2788.9,1052.7,1540.6,9.61
519.2,20753.0,7,PHASED FULLERINE FX27 DEFLECTOR ARRAY ,2431.8,1156.7,1699.0,9.65
581.3,36563.7,8,KOENSAYR DEFLECTOR ADVANCED ,2648.9,1723.3,1567.9,14.01
397.1,15201.3,6,KOENSAYR DEFLECTOR M6 ,2420.5,579.9,1202.2,7.19
74.2,1430.0,1,INCOM DEFLECTOR SCREEN MARK 9 ,2377.9,208.6,190.0,1.37
212.4,5009.9,4,INCOM RAYSHIELD X9 ,3145.8,629.3,452.2,4.57
318.5,7362.4,5,ARMEK PLASMA SHELL S3 SHIELD GENERATOR ,2369.8,838.6,1071.1,7.13
380.1,12912.1,6,INCOM RAYSHIELD Z5 ,2787.8,1562.3,926.3,7.89
172.5,3061.4,3,MON CALAMARI DELUXE ION-WEB B DEFLECTOR SHIELDS ,2789.4,577.9,550.2,3.57
88.2,2319.6,2,INCOM RAYSHIELD R7 ,2468.1,267.6,216.3,1.85
371.9,15428.7,6,INCOM RAYSHIELD Z5 ,2292.0,1034.6,1478.5,8.16
173.9,2504.9,3,MON CALAMARI DELUXE ION-WEB B DEFLECTOR SHIELDS ,2788.3,551.7,559.9,3.24
551.9,52533.6,9,KUAT SYSTEMS ENGINEERING MARK VII DEFLECTOR SHIELDS ,3193.1,1468.1,1157.0,11.55
696.4,75366.2,10,INCOM TECHSCREEN ELITE SHIELD GENERATOR ,2045.8,1576.6,1682.2,16.67
378.2,14967.4,6,INCOM RAYSHIELD Z7 ,2909.2,1074.9,913.5,7.99
359.1,16653.8,6,INCOM RAYSHIELD Z7 ,3362.6,986.4,850.4,8.55
363.9,14901.1,6,INCOM RAYSHIELD Z7 ,2848.3,728.8,921.1,7.66
720.2,68776.9,9,AIM & BAK ENHANCED ADVANCED ,3217.8,1449.1,1440.5,11.11
561.7,48193.4,9,MON CALAMARI ION-WEB ELITE SHIELDS ,3379.2,1586.6,1485.0,9.92
82.0,1203.9,1,MON CALAMARI ION-WEB A DEFLECTOR SHIELDS ,2503.8,153.9,197.8,1.41
520.5,24230.1,7,PHASED FULLERINE FX27 DEFLECTOR ARRAY ,2697.0,947.4,861.5,8.0
524.7,22390.7,7,PHASED FULLERINE FX27 DEFLECTOR ARRAY ,2813.7,1598.9,1116.2,8.17
368.8,15482.6,6,INCOM RAYSHIELD Z5 ,2271.7,1028.6,850.8,6.96
73.6,1106.7,1,INCOM DEFLECTOR SCREEN MARK2 ,2539.0,189.1,179.5,1.62
75.6,1171.4,1,INCOM DEFLECTOR SCREEN MARK 5 ,2806.7,157.1,186.3,1.62
536.3,63001.2,9,INCOM TECHSCREEN 2 SHIELD GENERATOR ,3097.9,1215.2,1689.0,10.5
692.1,69596.9,10,INCOM TECHSCREEN ELITE SHIELD GENERATOR ,3051.4,1779.0,2131.7,14.35
517.3,23558.3,7,PHASED FULLERINE FX27 DEFLECTOR ARRAY ,3546.9,1256.5,1104.4,9.96
587.9,31933.8,8,AIM & BAK ADVANCED ,2037.1,879.7,1268.2,13.8
564.9,35726.2,8,AIM & BAK ADVANCED ,3430.4,1649.6,1482.1,11.77
621.8,63890.9,10,KUAT SYSTEMS ENGINEERING ELITE SHIELD GENERATOR ,3314.2,1868.5,1779.7,11.33
685.9,75732.2,10,KOENSAYR DEFLECTOR ELITE ,2626.1,2019.2,1947.1,13.68
556.7,15209.1,6,ARMEK PLASMA SHELL S6 SHIELD GENERATOR ,2948.7,1063.2,685.0,8.58
218.9,5352.3,4,INCOM RAYSHIELD X9 ,2998.1,657.7,740.5,4.13
321.6,7314.9,5,INCOM RAYSHIELD X12 ,2791.5,904.5,798.8,6.61
478.5,24083.4,7,KUAT SYSTEMS ENGINEERING MARK V DEFLECTOR SHIELDS ,3579.1,1040.4,1242.9,8.54
313.6,7528.9,5,KUAT SYSTEMS ENGINEERING MARK III DEFLECTOR SHIELDS ,2520.2,879.5,970.6,6.52
166.0,2955.0,3,MON CALAMARI DELUXE ION-WEB B DEFLECTOR SHIELDS ,3677.7,560.9,491.4,2.72
697.0,73305.1,10,MON CALAMARI ION-WEB ELITE 2 SHIELDS ,2964.3,2396.4,1898.6,18.26
395.4,13501.4,6,KOENSAYR DEFLECTOR M6 ,1915.6,660.8,1354.7,7.44
618.4,73652.9,10,KUAT SYSTEMS ENGINEERING ELITE SHIELD GENERATOR ,3606.0,1534.1,2082.0,15.78
697.4,89758.8,10,MON CALAMARI ION-WEB ELITE 2 SHIELDS ,3049.8,1943.2,1747.6,20.95
689.2,69603.5,10,MON CALAMARI ION-WEB ELITE 2 SHIELDS ,3286.8,1657.0,1509.9,20.17
694.0,59141.4,10,ARMEK PLASMA SHELL ELITE 2 SHIELD GENERATOR ,2970.0,1973.0,1843.6,15.87
404.0,12388.4,6,KUAT SYSTEMS ENGINEERING MARK IV DEFLECTOR SHIELDS ,3163.2,1292.6,1597.7,9.31
570.5,31693.8,8,KOENSAYR DEFLECTOR ADVANCED ,3372.5,1737.8,1825.3,14.13
595.8,36892.5,8,KOENSAYR DEFLECTOR ADVANCED ,2917.8,1162.0,1114.8,12.25
700.5,52828.9,9,AIM & BAK ENHANCED ADVANCED ,3265.6,1362.3,1519.5,9.59
319.8,6854.0,5,MANDALMOTORS FLEXSHIELD KS-18 ,2629.3,502.6,916.5,6.08
608.0,34529.2,8,KOENSAYR DEFLECTOR ADVANCED ,2500.4,1637.8,1347.7,11.71
510.9,19585.2,7,PHASED FULLERINE FX27 DEFLECTOR ARRAY ,3150.7,1359.1,1262.1,9.8
461.3,27854.1,7,KUAT SYSTEMS ENGINEERING MARK V DEFLECTOR SHIELDS ,3164.4,1039.9,1685.0,10.67
479.3,23463.5,7,MON CALAMARI ION-WEB HEAVY SHIELDS ,2096.2,1211.6,1427.6,10.89
705.0,70205.0,9,AIM & BAK ENHANCED ADVANCED ,3057.4,1350.6,1227.1,8.67
437.9,18592.4,7,AIM & BAK HEAVY ,3149.0,1267.0,1194.9,7.68
402.8,13233.4,6,CYGNUS MARK III SHIELDS ,2488.7,594.3,1119.4,8.92
698.0,57175.1,9,AIM & BAK ENHANCED ADVANCED ,2582.0,1365.3,1389.5,6.74
330.1,6965.1,5,ARMEK PLASMA SHELL S3 SHIELD GENERATOR ,3597.5,1039.9,757.1,5.92
217.1,5381.2,4,INCOM RAYSHIELD X9 ,2809.7,541.0,688.4,4.43
707.9,68925.0,10,MON CALAMARI ION-WEB ELITE 2 SHIELDS ,2558.3,2342.4,1934.2,20.65
691.1,83252.4,10,INCOM TECHSCREEN ELITE SHIELD GENERATOR ,3211.8,2275.5,1861.6,13.73
594.7,34869.8,8,AIM & BAK ADVANCED ,3421.5,1378.1,1590.6,11.93
643.0,53644.4,8,GALLOFREE DEFENDER 2 SHIELD GENERATOR ,2240.3,1766.0,1648.1,12.46
390.9,11838.0,6,KOENSAYR DEFLECTOR M6 ,2654.1,967.9,836.1,9.27
693.2,83203.9,10,MON CALAMARI ION-WEB ELITE 2 SHIELDS ,2566.1,1974.5,1593.5,17.35
172.2,2364.1,3,MON CALAMARI DELUXE ION-WEB B DEFLECTOR SHIELDS ,2393.4,442.1,495.8,3.07
548.8,44544.9,9,INCOM TECHSCREEN 2 SHIELD GENERATOR ,3380.2,1596.9,1411.6,10.16
625.6,69044.9,10,KUAT SYSTEMS ENGINEERING ELITE SHIELD GENERATOR ,2763.7,1420.7,2112.8,13.51
583.3,33835.8,8,AIM & BAK ADVANCED ,3633.8,1749.9,1021.4,12.92
697.6,59773.0,10,ARMEK PLASMA SHELL ELITE 2 SHIELD GENERATOR ,3157.3,2093.5,1663.2,13.21
544.9,12816.7,6,ARMEK PLASMA SHELL S6 SHIELD GENERATOR ,2821.6,1096.1,819.1,6.53
609.0,34938.6,8,INCOM TECHSCREEN 1 SHIELD GENERATOR ,2927.6,1840.3,1754.3,11.99
553.7,42510.2,9,KOENSAYR MODIFIED DEFLECTOR ADVANCED ,3414.4,1734.5,1884.7,9.24
688.9,74062.2,10,MON CALAMARI ION-WEB ELITE 2 SHIELDS ,2661.2,1533.1,1915.5,19.85
519.1,19057.1,6,ARMEK PLASMA SHELL S6 SHIELD GENERATOR ,2783.9,930.7,1020.2,8.46
678.4,72776.0,10,AIM & BAK ELITE ,4127.8,1249.2,1682.8,20.16
746.4,56763.5,9,AIM & BAK ENHANCED ADVANCED ,2930.4,1135.4,1410.6,10.48
603.7,67215.2,10,KUAT SYSTEMS ENGINEERING ELITE SHIELD GENERATOR ,3212.6,1708.9,1634.9,12.9
632.9,45444.3,8,GALLOFREE DEFENDER 2 SHIELD GENERATOR ,4267.4,1724.6,1462.8,10.84
76.8,1499.0,1,INCOM DEFLECTOR SCREEN MARK2 ,2605.8,182.5,183.2,1.63
247.2,5214.4,4,INCOM RAYSHIELD X7 ,2246.4,648.4,596.0,3.38
592.8,33115.2,8,KUAT SYSTEMS ENGINEERING MARK VI DEFLECTOR SHIELDS ,3093.6,1418.6,1032.3,9.88
456.5,15040.7,7,KOENSAYR DEFLECTOR M8 ,2764.0,1512.4,1280.0,9.64
389.3,19177.0,6,PHASED FULLERINE FX12 SHIELD SYSTEM ,2890.3,1181.1,836.9,5.93
87.0,2226.9,2,INCOM RAYSHIELD R7 ,2622.7,313.1,319.1,1.67
74.8,1084.2,1,(UNKNOWN) ADVANCED DUAL DEFLECTOR SYSTEM ,1889.6,193.6,190.4,1.48
150.1,2945.7,3,HOLOSTEEL X2 SHIELDING SYSTEM ,2557.0,457.4,506.1,3.54
453.2,21208.0,7,KOENSAYR DEFLECTOR M8 ,2988.7,1090.5,1435.9,9.22
397.6,15262.6,6,KOENSAYR DEFLECTOR M6 ,2528.1,1113.7,972.5,8.95
168.4,2949.1,3,INCOM RAYSHIELD (SECOND-GENERATION EXPERIMENTAL) ,2780.7,435.8,431.9,3.28
77.8,1181.3,1,(UNKNOWN) ADVANCED DUAL DEFLECTOR SYSTEM ,2799.2,211.4,208.3,1.73
378.8,14375.5,6,INCOM RAYSHIELD Z5 ,3330.9,1033.8,1064.1,8.38
153.0,3115.1,3,HOLOSTEEL X2 SHIELDING SYSTEM ,2318.1,534.4,650.8,3.85
206.7,4594.3,4,INCOM RAYSHIELD X9 ,2453.0,655.3,410.7,4.16
402.8,20169.6,6,PHASED FULLERINE FX12 SHIELD SYSTEM ,3203.5,1386.8,1065.3,6.87
314.5,7217.7,5,MANDALMOTORS FLEXSHIELD KS-5 SHIELDS ,2529.6,914.5,655.9,5.83
92.9,1971.3,2,KOENSAYR IMPROVED DEFLECTOR SHIELD M1 ,2932.4,188.4,231.3,1.79
313.4,8989.0,5,ARMEK PLASMA SHELL S3 SHIELD GENERATOR ,2949.0,611.0,899.1,6.49
215.9,5889.6,4,INCOM RAYSHIELD X9 ,2668.9,501.1,544.6,4.34
586.4,35445.1,8,KUAT SYSTEMS ENGINEERING MARK VI DEFLECTOR SHIELDS ,2798.7,1661.6,1215.8,10.53
396.8,14520.5,6,KOENSAYR DEFLECTOR M6 ,3228.9,1006.8,1114.4,7.13
599.5,68255.3,9,ARMEK PLASMA SHELL ELITE SHIELD GENERATOR ,2687.0,1362.7,1509.2,8.69
391.8,10509.3,6,KUAT SYSTEMS ENGINEERING MARK IV DEFLECTOR SHIELDS ,2917.0,1240.8,1093.2,7.2
313.6,7936.7,5,ARMEK PLASMA SHELL S3 SHIELD GENERATOR ,2409.0,800.2,635.5,8.04
399.5,14414.4,6,KOENSAYR DEFLECTOR M6 ,3083.0,1111.1,991.0,5.28
409.6,16074.7,6,MANDALMOTORS FLEXSHIELD KS-25 SHIELDS ,3331.2,1187.1,886.6,9.06
316.6,7932.2,5,KUAT SYSTEMS ENGINEERING MARK III DEFLECTOR SHIELDS ,3109.5,818.6,803.4,8.23
171.0,2776.1,3,KUAT SYSTEMS ENGINEERING MARK II MILITARY SHIELD GENERATOR ,2705.0,427.0,622.2,3.22
677.9,53452.0,10,AIM & BAK ELITE ,4240.1,2284.8,1515.2,19.75
457.4,16473.9,7,AIM & BAK HEAVY ,2839.3,1351.7,1345.8,10.16
569.3,36124.1,8,MON CALAMARI ION-WEB ADVANCED SHIELDS ,2886.7,855.4,1918.6,12.99
276.6,5498.3,4,MANDALMOTORS FLEXSHIELD KS-3 ,2377.6,560.5,569.0,3.99
449.5,8387.7,5,INCOM RAYSHIELD Z1 ,2347.1,742.7,667.1,6.19
900.5,66161.1,10,SOROSUUB ION-MESH PROJECTION SYSTEM ,2922.8,1210.4,1233.8,13.98
920.9,52829.5,10,SOROSUUB ION-MESH PROJECTION SYSTEM ,2765.8,1769.0,1300.8,11.97
570.6,33644.6,8,KOENSAYR DEFLECTOR ADVANCED ,2722.5,1391.9,1738.3,13.73
671.8,62044.5,10,CYGNUS ELITE SHIELD GENERATOR ,2798.6,1510.5,2141.5,10.05
326.4,6760.1,5,KOENSAYR DEFLECTOR M3 ,2981.4,874.4,770.3,5.97
156.5,2953.7,3,HOLOSTEEL X2 SHIELDING SYSTEM ,2797.9,462.9,456.1,3.48
216.9,6629.6,4,MON CALAMARI STANDARD SHIELD ,2645.4,624.0,529.2,4.43
156.7,2972.2,3,HOLOSTEEL X2 SHIELDING SYSTEM ,3558.5,392.4,445.6,3.45
405.5,16978.3,6,MANDALMOTORS FLEXSHIELD KS-25 SHIELDS ,2888.1,1247.3,1016.5,10.06
173.1,3142.1,3,INCOM RAYSHIELD (EXPERIMENTAL) ,3515.7,335.0,441.9,3.21
460.3,21996.7,7,SIENAR FLEET SYSTEMS MODIFIED IMPERIAL SPECIAL FORCES DEFLECTORS ,3517.7,1179.7,1397.3,10.15
694.4,92116.1,10,SIENAR FLEET SYSTEMS POLYWEB ELITE SHIELD ,2841.5,2415.3,1978.6,14.72
399.1,14121.2,6,CYGNUS MARK III SHIELDS ,3432.2,869.7,989.9,9.04
662.2,52101.9,10,CYGNUS ELITE SHIELD GENERATOR ,3612.3,1812.0,1619.6,16.9
410.4,13998.3,6,KUAT SYSTEMS ENGINEERING MARK IV DEFLECTOR SHIELDS ,2825.1,1263.6,1159.3,6.0
455.8,23373.8,7,CYGNUS MARK IV SHIELDS ,4474.0,887.6,1379.8,9.83
746.3,74147.7,10,SIENAR DESIGN SYSTEMS SECRET OPS SHIELD GENERATION SYSTEM ,3449.3,2275.5,2118.1,12.56
665.6,77716.5,10,GALLOFREE DEFENDER ELITE SHIELD GENERATOR ,2618.2,2150.0,2094.5,11.02
923.8,82498.6,10,SOROSUUB ION-MESH PROJECTION SYSTEM ,2767.4,1425.2,2120.1,13.12
558.7,48960.6,9,INCOM RAYSHIELD OVERDRIVER SHIELD GENERATOR ,3510.8,1392.1,1443.0,11.22
696.7,79758.9,10,INCOM TECHSCREEN ELITE SHIELD GENERATOR ,3341.4,2147.1,1534.1,17.64
315.5,7489.0,5,KOENSAYR DEFLECTOR M3 ,3265.5,1127.6,602.4,7.03
639.1,61205.7,10,CYGNUS ELITE SHIELD GENERATOR ,3493.5,1862.2,1904.5,13.34
676.7,54507.5,10,GALLOFREE DEFENDER ELITE SHIELD GENERATOR ,3588.1,2405.1,2623.7,13.58
654.4,65150.1,10,CYGNUS ELITE SHIELD GENERATOR ,2794.7,1518.5,2138.2,12.05
695.4,55456.5,10,CYGNUS ELITE SHIELD GENERATOR ,3236.2,1976.3,1391.9,14.45
556.3,60348.7,9,SIENAR FLEET SYSTEMS MODIFIED POLYWEB ADVANCED DEFLECTORS ,2396.3,1393.8,1266.1,11.11
896.9,67941.8,10,SOROSUUB ION-MESH PROJECTION SYSTEM ,3100.7,1636.9,1337.6,14.45
689.5,61333.8,10,KOENSAYR DEFLECTOR ELITE ,3446.0,2119.1,1794.1,14.39
454.9,19687.2,7,MANDALMOTORS FLEXSHIELD KS-7 SHIELDS ,2042.5,888.3,973.7,10.2
877.2,50076.3,10,SOROSUUB ION-MESH PROJECTION SYSTEM ,3152.5,1713.9,1955.3,10.53
508.4,23277.6,7,PHASED FULLERINE FX27 DEFLECTOR ARRAY ,3375.8,1572.0,1597.6,5.78
548.9,55405.4,9,CYGNUS MARK V SHIELDS ,3708.2,1721.9,1688.6,11.25
925.1,60113.8,10,SOROSUUB ION-MESH PROJECTION SYSTEM ,2669.8,2058.1,1293.5,10.32
677.9,62003.9,10,GALLOFREE DEFENDER ELITE SHIELD GENERATOR ,3598.1,2290.5,2035.3,14.86
664.4,70815.7,10,CYGNUS ELITE SHIELD GENERATOR ,3291.9,1991.2,1975.6,14.82
668.7,41078.8,8,GALLOFREE DEFENDER 2 SHIELD GENERATOR ,3454.5,1728.5,1370.6,10.59
666.0,65605.4,10,CYGNUS ELITE SHIELD GENERATOR ,2806.0,1524.1,1902.3,16.36
716.4,67790.6,10,MON CALAMARI ION-WEB ELITE 2 SHIELDS ,3505.6,1957.3,1529.2,18.87
641.5,61298.9,10,CYGNUS ELITE SHIELD GENERATOR ,2496.2,1732.9,2294.8,14.78
665.7,71139.8,10,CYGNUS ELITE SHIELD GENERATOR ,3071.1,2395.2,2459.9,13.06
680.0,60393.6,10,AIM & BAK ELITE ,2469.4,1942.1,2063.9,17.02
608.0,37866.9,7,PROTECTO-NET SHIELD ,3191.3,2042.2,1821.5,10.55
258.7,6255.8,4,KOENSAYR DS-23 SHIELD GENERATOR ,2681.1,898.4,898.5,4.37
366.9,13683.8,6,INCOM RAYSHIELD Z5 ,2895.8,1193.0,1184.4,4.54
577.1,36430.7,7,PROTECTO-NET SHIELD ,2366.0,1805.5,1661.2,12.25
328.8,7706.8,5,SIENAR FLEET SYSTEMS MODIFIED IMPERIAL HEAVY DEFLECTORS ,3419.7,837.3,741.6,7.61
510.7,44180.3,8,PHASED FULLERINE FX92 ENERGY SHIELD ,2628.8,1825.2,1694.0,11.75
533.8,62159.9,9,KOENSAYR MODIFIED DEFLECTOR ADVANCED ,2967.1,1615.4,1467.3,10.69
700.8,43543.5,8,ARMEK PLASMA WEB SHIELD GENERATOR ,2931.2,2733.6,2733.5,11.84
587.7,31723.3,8,INCOM TECHSCREEN 1 SHIELD GENERATOR ,2854.2,1501.6,1049.5,11.92
454.7,20517.6,7,MON CALAMARI ION-WEB HEAVY SHIELDS ,2966.4,1757.5,1238.6,10.0
426.3,9297.1,5,INCOM RAYSHIELD Z1 ,2984.9,742.6,805.0,6.3
452.4,20447.9,7,AIM & BAK HEAVY ,2782.0,1053.5,759.4,10.81
623.0,35496.7,7,PROTECTO-NET SHIELD ,2956.3,1704.4,1607.9,15.06
325.0,7715.5,5,MANDALMOTORS FLEXSHIELD KS-18 ,3328.2,911.7,986.6,7.31
597.3,37535.5,8,KOENSAYR DEFLECTOR ADVANCED ,2272.3,1081.1,1356.3,12.56
258.7,6256.6,4,RENDILI DUAL-PROJECTOR SHIELD GENERATOR ,2680.9,898.4,898.5,4.37
420.9,10151.2,5,INCOM RAYSHIELD Z1 ,2642.7,683.5,606.1,7.5
317.4,7182.0,5,SIENAR FLEET SYSTEMS MODIFIED IMPERIAL HEAVY DEFLECTORS ,2690.2,734.8,756.6,5.75
409.2,8392.7,5,INCOM RAYSHIELD Z1 ,2941.9,946.2,596.4,5.94
309.5,8057.4,5,KOENSAYR DEFLECTOR M3 ,2647.2,991.8,800.0,6.07
333.8,6947.4,5,MANDALMOTORS FLEXSHIELD KS-18 ,2535.5,1158.1,878.1,7.38
468.2,17701.7,7,SIENAR FLEET SYSTEMS IMPERIAL SPECIAL FORCES SHIELDS ,2852.1,1378.4,1040.8,8.59
533.9,17358.6,6,ARMEK PLASMA SHELL S6 SHIELD GENERATOR ,2207.8,814.6,732.7,6.34
396.3,18305.2,6,MANDALMOTORS FLEXSHIELD KS-25 SHIELDS ,2759.4,807.0,1154.6,8.3
372.0,13202.2,6,INCOM RAYSHIELD Z5 ,2862.1,962.1,805.9,7.33
548.4,67207.6,9,(EXPERIMENTAL) INTERLACED GRAVITON PROTECTION GRID ,3091.7,1291.2,1459.6,10.88
258.7,6255.7,4,INCOM K-77 SHIELD GENERATOR ,2681.1,898.4,898.5,4.37
403.2,13589.5,6,CYGNUS MARK III SHIELDS ,2575.6,874.4,1231.5,8.01
301.2,7372.1,5,CYGNUS IMPROVED MARK II SHIELDS ,3257.1,920.7,756.9,6.37
659.8,55118.1,10,CYGNUS ELITE SHIELD GENERATOR ,2622.4,2273.4,2204.7,13.42
673.0,63533.6,10,CYGNUS ELITE SHIELD GENERATOR ,2487.1,2225.9,1712.5,15.39
668.1,74444.8,10,CYGNUS ELITE SHIELD GENERATOR ,3573.5,1515.9,1380.1,15.41
882.1,45878.9,10,SOROSUUB ION-MESH PROJECTION SYSTEM ,2759.2,1188.4,1409.8,12.94
168.2,2886.6,3,KOENSAYR DEFLECTOR SHIELD M2 ,3001.1,595.4,453.7,3.32
381.6,12204.3,6,KUAT SYSTEMS ENGINEERING MARK IV DEFLECTOR SHIELDS ,2515.6,1472.4,1052.5,7.9
215.6,5465.3,4,AIM & BAK STANDARD SHIELDS ,2518.0,554.8,471.7,4.4
317.4,8174.0,5,MANDALMOTORS FLEXSHIELD KS-5 SHIELDS ,2411.9,824.3,862.9,4.67
762.2,62484.0,9,AIM & BAK ENHANCED ADVANCED ,2687.2,1707.6,1559.7,6.89
682.0,66467.4,10,GALLOFREE DEFENDER ELITE SHIELD GENERATOR ,3323.7,1822.3,2112.6,11.73
549.3,50618.0,9,MON CALAMARI ION-WEB ELITE SHIELDS ,2357.9,1864.3,1588.2,11.01
168.0,2857.6,3,KUAT SYSTEMS ENGINEERING MARK II MILITARY SHIELD GENERATOR ,2738.5,455.0,463.9,3.22
649.2,70692.5,10,KUAT SYSTEMS ENGINEERING ELITE SHIELD GENERATOR ,3330.8,2239.5,2631.0,13.18
589.1,37001.9,8,INCOM TECHSCREEN 1 SHIELD GENERATOR ,3243.2,1421.9,1526.6,11.48
457.6,22399.2,7,KUAT SYSTEMS ENGINEERING MARK V DEFLECTOR SHIELDS ,2994.9,1031.6,1392.2,7.79
368.1,13299.5,6,INCOM RAYSHIELD Z5 ,2404.7,719.3,1037.5,8.86
893.3,70184.4,10,SOROSUUB ION-MESH PROJECTION SYSTEM ,3388.5,1000.1,1592.6,11.8
485.7,28807.0,7,KUAT SYSTEMS ENGINEERING MARK V DEFLECTOR SHIELDS ,2586.5,1548.1,1112.7,10.97
544.8,52890.0,9,MON CALAMARI ION-WEB ELITE SHIELDS ,3496.7,1589.9,1658.6,13.42
217.7,4416.9,4,INCOM RAYSHIELD X9 ,2447.5,581.1,695.0,3.25
888.4,64409.5,10,SOROSUUB ION-MESH PROJECTION SYSTEM ,3147.0,1470.4,1422.7,10.5
669.5,63605.5,10,CYGNUS ELITE SHIELD GENERATOR ,2313.3,1591.9,1528.7,13.52
404.3,14818.2,6,KOENSAYR DEFLECTOR M6 ,2740.1,1016.9,885.5,8.94
637.8,44064.7,8,GALLOFREE DEFENDER 2 SHIELD GENERATOR ,2534.3,1597.9,1683.9,10.83
592.3,30484.1,8,SIENAR FLEET SYSTEMS POLYWEB 4 SHIELD ,2638.7,1861.6,1517.1,10.75
352.7,13135.4,6,INCOM RAYSHIELD Z7 ,2377.8,1227.8,1276.5,7.51
534.1,43069.1,9,MON CALAMARI ION-WEB ELITE SHIELDS ,2785.8,1605.9,1760.5,10.34
321.8,7932.9,5,SIENAR FLEET SYSTEMS MODIFIED IMPERIAL HEAVY DEFLECTORS ,3216.5,1050.5,860.2,5.52
305.9,6992.7,5,KOENSAYR DEFLECTOR M3 ,2865.5,1001.6,871.1,5.86
495.5,55786.2,9,INCOM TECHSCREEN 2 SHIELD GENERATOR ,2614.6,1446.1,1515.2,11.6
590.6,35129.0,8,MANDALMOTORS FLEXSHIELD KX-1 SHIELDS ,3442.9,1635.7,1648.0,12.67
568.4,35155.2,8,MANDALMOTORS FLEXSHIELD KX-1 SHIELDS ,3178.2,1723.3,2032.5,12.47
699.8,70508.3,10,MON CALAMARI ION-WEB ELITE 2 SHIELDS ,3461.5,2046.4,1526.0,18.63
690.9,57452.4,10,GALLOFREE DEFENDER ELITE SHIELD GENERATOR ,2902.7,1639.6,1621.3,15.18
407.6,14688.2,6,KUAT SYSTEMS ENGINEERING MARK IV DEFLECTOR SHIELDS ,2350.0,1264.4,1148.8,8.23
706.0,67763.4,10,KOENSAYR DEFLECTOR ELITE ,2914.9,1530.9,2084.0,16.89
532.3,55266.7,9,MON CALAMARI ION-WEB ELITE SHIELDS ,2981.9,1468.1,1845.1,15.69
613.3,51989.4,9,ARMEK PLASMA SHELL ELITE SHIELD GENERATOR ,3587.5,1203.8,1205.7,10.54
575.9,33617.3,8,MON CALAMARI ION-WEB ADVANCED SHIELDS ,3744.3,1349.7,1852.6,14.49
605.5,34635.3,8,KOENSAYR DEFLECTOR ADVANCED ,2247.3,1439.8,1408.9,13.38
644.5,55332.2,10,CYGNUS ELITE SHIELD GENERATOR ,3232.9,1711.5,1925.1,13.05
651.5,64526.4,10,CYGNUS ELITE SHIELD GENERATOR ,3208.3,2198.1,1509.1,16.11
316.4,7661.3,5,KOENSAYR DEFLECTOR M3 ,2941.8,1192.8,898.1,5.1
655.4,61699.2,10,CYGNUS ELITE SHIELD GENERATOR ,2569.7,1695.8,1682.8,17.24
661.4,57245.0,10,CYGNUS ELITE SHIELD GENERATOR ,3087.3,1481.4,1944.6,14.22
549.8,65966.7,9,KOENSAYR MODIFIED DEFLECTOR ADVANCED ,2349.0,1512.8,1811.0,12.0
753.3,74243.4,10,SIENAR DESIGN SYSTEMS SECRET OPS SHIELD GENERATION SYSTEM ,3297.1,1694.6,1968.3,11.84
872.0,64912.7,10,SOROSUUB ION-MESH PROJECTION SYSTEM ,3295.3,1792.9,1406.9,12.63
649.3,52995.6,8,GALLOFREE DEFENDER 2 SHIELD GENERATOR ,2574.3,1777.4,1112.2,13.23
865.9,62963.4,10,SOROSUUB ION-MESH PROJECTION SYSTEM ,2657.9,1710.1,1665.9,11.27
743.4,74331.6,10,SIENAR DESIGN SYSTEMS SECRET OPS SHIELD GENERATION SYSTEM ,3122.0,2245.9,1772.2,15.9
667.3,52672.1,10,CYGNUS ELITE SHIELD GENERATOR ,3710.7,2026.6,1519.7,12.84
514.5,17304.1,6,ARMEK PLASMA SHELL S6 SHIELD GENERATOR ,1862.4,1000.1,998.9,7.97
855.9,63910.5,10,SOROSUUB ION-MESH PROJECTION SYSTEM ,2751.2,1883.3,1746.5,14.0
689.7,86015.0,10,MON CALAMARI ION-WEB ELITE 2 SHIELDS ,3118.1,1820.0,1903.3,14.34
356.1,14381.4,6,INCOM RAYSHIELD Z7 ,2799.6,933.4,1212.6,9.16
695.1,68502.5,10,ARMEK PLASMA SHELL ELITE 2 SHIELD GENERATOR ,2944.9,1886.1,1632.3,13.05
465.3,19850.2,7,INCOM RAYSHIELD ADVANCED ,2936.4,1198.4,1407.7,10.78
630.5,64137.1,10,KUAT SYSTEMS ENGINEERING ELITE SHIELD GENERATOR ,2745.7,2031.4,1764.4,15.73
498.0,24143.9,7,PHASED FULLERINE FX27 DEFLECTOR ARRAY ,3180.6,1210.0,1014.8,9.16
694.3,70227.1,10,KOENSAYR DEFLECTOR ELITE ,2945.8,1542.4,1910.7,12.68
212.6,3694.7,4,INCOM RAYSHIELD X9 ,3079.1,627.0,509.2,4.42
171.8,2831.7,3,MON CALAMARI DELUXE ION-WEB B DEFLECTOR SHIELDS ,2121.5,542.5,395.8,2.72
394.7,14331.0,6,KOENSAYR DEFLECTOR M6 ,3325.2,800.2,1057.4,9.89
484.7,16675.5,7,KOENSAYR DEFLECTOR M8 ,2574.4,1065.4,1255.1,9.99
462.9,20478.8,7,AIM & BAK HEAVY ,3492.0,1102.3,1355.9,8.49
549.8,60955.4,9,(EXPERIMENTAL) INTERLACED GRAVITON PROTECTION GRID ,2614.2,2044.3,1546.9,12.59
685.9,75671.8,10,SIENAR FLEET SYSTEMS CUSTOM POLYWEB ELITE SHIELDS ,3022.8,3088.0,1972.4,11.68
674.1,58500.3,10,CYGNUS ELITE SHIELD GENERATOR ,2666.7,1355.2,1864.3,13.6
525.7,16447.6,6,ARMEK PLASMA SHELL S6 SHIELD GENERATOR ,2765.9,602.2,969.8,7.01
307.6,6896.1,5,CYGNUS IMPROVED MARK II SHIELDS ,2261.3,728.7,476.3,7.49
908.2,66629.3,10,SOROSUUB ION-MESH PROJECTION SYSTEM ,2641.8,1723.1,2254.7,10.56
916.7,53747.0,10,SOROSUUB ION-MESH PROJECTION SYSTEM ,3275.3,1385.2,1747.1,12.78
385.7,13474.4,6,INCOM RAYSHIELD Z5 ,3155.7,912.8,1071.8,7.94
666.4,59864.4,10,CYGNUS ELITE SHIELD GENERATOR ,2505.8,2121.3,1737.4,14.61
675.0,63541.4,10,GALLOFREE DEFENDER ELITE SHIELD GENERATOR ,3302.7,2177.1,2260.6,15.57
695.9,71724.9,10,KOENSAYR DEFLECTOR ELITE ,2826.8,2010.0,1054.0,13.86
706.6,68755.3,10,GALLOFREE DEFENDER ELITE SHIELD GENERATOR ,2715.2,2050.2,1872.9,13.07
461.7,19626.7,7,KOENSAYR DEFLECTOR M8 ,3840.7,1520.5,1218.6,11.95
859.7,61690.0,10,SOROSUUB ION-MESH PROJECTION SYSTEM ,2465.5,1463.7,1661.9,10.98
890.7,60139.8,10,SOROSUUB ION-MESH PROJECTION SYSTEM ,3021.8,1426.0,1447.9,14.92
538.0,47613.4,9,CYGNUS MARK V SHIELDS ,2680.3,1364.3,1318.7,11.13
402.0,11299.7,6,SIENAR FLEET SYSTEMS ADVANCED SHIELD ,2484.0,1019.9,878.2,8.07
215.7,4627.5,4,AIM & BAK STANDARD SHIELDS ,3271.3,518.5,608.5,5.83
211.4,5772.7,4,AIM & BAK STANDARD SHIELDS ,3659.4,609.4,657.1,5.89
164.2,2609.4,3,HOLOSTEEL X1 SHIELDING SYSTEM ,2273.0,534.3,449.4,3.02
478.4,24394.2,7,SIENAR FLEET SYSTEMS MODIFIED IMPERIAL SPECIAL FORCES DEFLECTORS ,2581.5,1094.8,1386.4,8.29
551.0,43391.8,9,INCOM RAYSHIELD OVERDRIVER SHIELD GENERATOR ,3127.3,1424.2,1442.9,11.22
694.9,58014.7,9,AIM & BAK ENHANCED ADVANCED ,3436.5,1392.3,1309.7,9.3
706.2,58719.3,10,GALLOFREE DEFENDER ELITE SHIELD GENERATOR ,2583.4,2120.9,2253.1,14.53
842.4,60206.6,10,SOROSUUB ION-MESH PROJECTION SYSTEM ,3353.1,1709.7,1664.5,11.23
676.6,66443.2,10,CYGNUS ELITE SHIELD GENERATOR ,2276.0,1495.7,1507.2,13.83
898.6,59550.6,10,SOROSUUB ION-MESH PROJECTION SYSTEM ,2784.5,1842.2,2114.8,13.35
656.4,73379.2,10,CYGNUS ELITE SHIELD GENERATOR ,3356.8,1910.1,1362.6,14.59
650.5,54851.3,10,CYGNUS ELITE SHIELD GENERATOR ,3808.6,1749.5,1996.6,14.59
666.9,43012.9,10,CYGNUS ELITE SHIELD GENERATOR ,3712.5,1889.8,2185.0,13.63
841.0,46414.9,10,SOROSUUB ION-MESH PROJECTION SYSTEM ,3021.9,1359.4,1709.6,15.07
579.5,33269.3,8,INCOM TECHSCREEN 1 SHIELD GENERATOR ,3285.8,1433.8,1569.9,9.51
927.6,58528.2,10,SOROSUUB ION-MESH PROJECTION SYSTEM ,2993.3,1473.9,1476.3,12.19
311.7,6397.0,5,SIENAR FLEET SYSTEMS MODIFIED IMPERIAL HEAVY DEFLECTORS ,3075.9,653.2,963.8,6.22
156.7,3283.3,3,HOLOSTEEL X2 SHIELDING SYSTEM ,2972.2,521.0,574.1,3.97
674.7,64135.3,10,INCOM TECHSCREEN ELITE SHIELD GENERATOR ,3015.1,2238.7,1746.5,16.24
334.5,8234.1,5,INCOM RAYSHIELD X12 ,3371.2,897.4,912.8,7.25
506.0,52901.5,9,INCOM TECHSCREEN 2 SHIELD GENERATOR ,2839.7,1608.8,1124.4,12.14
216.5,4642.4,4,INCOM RAYSHIELD X9 ,2651.9,611.5,517.3,5.17
700.4,68084.0,10,MON CALAMARI ION-WEB ELITE 2 SHIELDS ,3315.7,2235.5,1760.0,21.65
676.9,72567.6,10,MON CALAMARI ION-WEB ELITE 2 SHIELDS ,3360.8,1461.6,1819.7,20.65
166.0,2422.7,3,HOLOSTEEL X1 SHIELDING SYSTEM ,2025.3,596.2,464.4,2.95
539.3,36219.3,8,PHASED FULLERINE FX92 ENERGY SHIELD ,3193.1,761.3,1823.7,11.94
674.9,69089.9,10,MON CALAMARI ION-WEB ELITE 2 SHIELDS ,3028.9,1910.2,2255.5,18.89
555.3,50739.6,9,KUAT SYSTEMS ENGINEERING MARK VII DEFLECTOR SHIELDS ,2979.5,1416.0,1495.8,11.89
467.4,18585.0,7,SIENAR FLEET SYSTEMS IMPERIAL SPECIAL FORCES SHIELDS ,3424.6,1454.6,1291.9,9.62
407.2,9398.5,5,INCOM RAYSHIELD Z1 ,3018.5,632.0,832.9,6.55
904.5,66073.3,10,SOROSUUB ION-MESH PROJECTION SYSTEM ,2536.3,2001.1,1586.7,8.0
533.8,54564.1,9,INCOM RAYSHIELD OVERDRIVER SHIELD GENERATOR ,2437.8,1676.2,1326.0,10.83
890.9,76678.7,10,SOROSUUB ION-MESH PROJECTION SYSTEM ,3250.4,1647.9,1762.0,11.38
914.5,62215.1,10,SOROSUUB ION-MESH PROJECTION SYSTEM ,3702.5,2130.8,1520.0,14.41
654.5,60131.0,10,CYGNUS ELITE SHIELD GENERATOR ,2729.4,2066.0,1475.8,13.69
389.4,12703.1,6,SIENAR FLEET SYSTEMS ADVANCED SHIELD ,2118.6,991.0,959.7,8.6
671.4,53968.1,10,CYGNUS ELITE SHIELD GENERATOR ,3480.3,1531.3,2284.0,12.78
686.0,65683.1,10,GALLOFREE DEFENDER ELITE SHIELD GENERATOR ,2617.5,1969.2,1789.3,17.47
761.0,37263.2,8,SIENAR FLEET SYSTEMS POLYWEB 6 SHIELD ,3209.2,1661.1,1463.3,11.15
405.1,14548.4,6,KOENSAYR DEFLECTOR M6 ,2612.4,850.8,1052.8,9.04
320.7,7436.9,5,SIENAR FLEET SYSTEMS MODIFIED IMPERIAL HEAVY DEFLECTORS ,2576.0,814.7,686.3,5.55
716.5,51303.3,10,GALLOFREE DEFENDER ELITE SHIELD GENERATOR ,3229.9,1923.5,2195.4,13.71
624.1,43268.3,8,GALLOFREE DEFENDER 2 SHIELD GENERATOR ,2787.0,1868.4,1502.6,11.67
325.2,6527.5,5,MANDALMOTORS FLEXSHIELD KS-5 SHIELDS ,2015.0,765.4,658.3,6.22
217.9,5264.7,4,INCOM RAYSHIELD X9 ,3242.0,676.0,539.2,3.34
572.5,37774.0,8,MANDALMOTORS FLEXSHIELD KX-1 SHIELDS ,3188.4,1833.9,1572.9,10.54
846.7,72851.6,10,SOROSUUB ION-MESH PROJECTION SYSTEM ,3637.1,1242.3,1258.0,12.73
557.5,48900.5,9,MON CALAMARI ION-WEB ELITE SHIELDS ,2688.8,1639.8,1794.7,9.46
640.9,55911.1,10,CYGNUS ELITE SHIELD GENERATOR ,2759.1,1713.1,2373.9,12.22
475.8,24470.0,7,MON CALAMARI ION-WEB HEAVY SHIELDS ,2581.1,1086.5,933.4,9.81
922.2,64141.5,10,SOROSUUB ION-MESH PROJECTION SYSTEM ,3217.9,1951.3,1859.7,13.74
661.8,59483.8,10,CYGNUS ELITE SHIELD GENERATOR ,3083.0,2059.0,2019.2,15.01
328.4,6512.7,5,MANDALMOTORS FLEXSHIELD KS-18 ,2033.9,980.3,909.3,6.14
649.9,56697.4,10,CYGNUS ELITE SHIELD GENERATOR ,2751.8,1726.5,1799.0,14.32
895.2,70564.4,10,SOROSUUB ION-MESH PROJECTION SYSTEM ,3409.1,1127.3,1576.1,12.67
687.1,59966.7,10,AIM & BAK ELITE ,3216.9,2039.9,2060.9,20.92
873.7,69895.7,10,SOROSUUB ION-MESH PROJECTION SYSTEM ,2960.4,1636.9,1368.9,12.76
878.7,61403.7,10,SOROSUUB ION-MESH PROJECTION SYSTEM ,3345.4,1213.6,1817.7,14.56
318.2,8053.0,5,MANDALMOTORS FLEXSHIELD KS-18 ,2265.1,669.9,784.4,7.4
466.7,22769.3,7,CYGNUS MARK IV SHIELDS ,2960.6,1394.0,1189.0,8.53
301.2,7696.2,5,ARMEK PLASMA SHELL S3 SHIELD GENERATOR ,2681.5,751.0,900.4,6.07
899.2,69981.8,10,SOROSUUB ION-MESH PROJECTION SYSTEM ,3191.7,1168.6,1410.1,13.47
909.2,60824.1,10,SOROSUUB ION-MESH PROJECTION SYSTEM ,3108.2,1265.6,1695.7,12.85
672.3,54750.1,10,CYGNUS ELITE SHIELD GENERATOR ,3560.9,2005.2,1718.4,12.69
690.0,51052.7,10,CYGNUS ELITE SHIELD GENERATOR ,2805.8,1971.8,1669.4,14.53
284.8,5320.5,4,MANDALMOTORS FLEXSHIELD KS-3 ,2666.7,540.5,512.0,4.41
312.3,7300.4,5,MANDALMOTORS FLEXSHIELD KS-5 SHIELDS ,1922.0,745.5,965.9,6.81
551.4,71995.4,9,(EXPERIMENTAL) INTERLACED GRAVITON PROTECTION GRID ,3224.0,1544.8,1846.4,10.99
670.0,53120.1,10,CYGNUS ELITE SHIELD GENERATOR ,3401.9,2355.1,1445.4,13.94
364.8,13083.5,6,INCOM RAYSHIELD Z5 ,2887.3,959.5,1058.3,7.19
568.1,38943.1,8,MANDALMOTORS FLEXSHIELD KX-1 SHIELDS ,2712.5,1176.1,2047.9,12.39
856.6,59572.1,10,SOROSUUB ION-MESH PROJECTION SYSTEM ,2368.2,1558.7,1516.8,10.1
379.9,13019.8,6,INCOM RAYSHIELD Z5 ,3028.1,1161.3,1041.2,7.61
361.2,14434.2,6,INCOM RAYSHIELD Z7 ,2481.8,916.7,961.9,11.0
564.5,56387.7,9,MON CALAMARI ION-WEB ELITE SHIELDS ,2557.4,1629.5,1315.4,9.98
578.4,31926.4,7,PROTECTO-NET SHIELD ,3710.6,1597.3,1671.6,11.87
700.8,43546.7,8,ARMEK PLASMA WEB SHIELD GENERATOR ,2930.9,2733.5,2733.6,11.84
318.7,7276.2,5,KUAT SYSTEMS ENGINEERING MARK III DEFLECTOR SHIELDS ,2540.9,791.0,1111.0,5.66
566.3,31095.0,7,PROTECTO-NET SHIELD ,3119.4,1669.9,1849.0,12.2
258.8,6256.0,4,RENDILI DUAL-PROJECTOR SHIELD GENERATOR ,2680.9,898.4,898.5,4.37
672.8,74006.4,10,MON CALAMARI ION-WEB ELITE 2 SHIELDS ,4075.0,1965.5,1662.8,19.03
591.3,38832.7,7,PROTECTO-NET SHIELD ,3123.0,1775.7,1888.8,12.58
258.7,6256.3,4,INCOM K-77 SHIELD GENERATOR ,2681.0,898.5,898.4,4.37
523.4,39337.2,8,PHASED FULLERINE FX92 ENERGY SHIELD ,2958.1,1485.6,1308.3,15.13
528.6,16189.3,6,ARMEK PLASMA SHELL S6 SHIELD GENERATOR ,2577.7,741.8,1061.3,8.57
585.9,31696.9,7,PROTECTO-NET SHIELD ,2582.1,1785.6,1763.9,12.15
165.8,2641.1,3,MON CALAMARI DELUXE ION-WEB B DEFLECTOR SHIELDS ,2727.7,486.2,576.0,3.22
317.7,7818.9,5,KUAT SYSTEMS ENGINEERING MARK III DEFLECTOR SHIELDS ,2734.7,861.7,801.4,7.29
157.8,2820.9,3,HOLOSTEEL X2 SHIELDING SYSTEM ,2861.6,509.5,347.7,3.58
582.5,36184.3,7,PROTECTO-NET SHIELD ,3682.2,1588.5,1926.5,11.73
356.4,9780.7,5,SIENAR FLEET SYSTEMS IMPERIAL HEAVY SHIELDS ,2584.8,876.8,848.2,4.86
386.4,15740.4,6,INCOM RAYSHIELD Z5 ,2685.1,815.7,1097.9,8.02
577.7,29838.2,8,MON CALAMARI ION-WEB ADVANCED SHIELDS ,3329.8,1597.8,1717.3,14.77
648.8,62553.2,10,CYGNUS ELITE SHIELD GENERATOR ,3065.1,2092.5,2141.1,15.73
324.0,7984.0,5,KOENSAYR DEFLECTOR M3 ,2831.0,852.6,1128.4,5.54
386.0,15897.5,6,KOENSAYR DEFLECTOR M6 ,2615.2,665.0,955.2,7.6
320.9,7106.9,5,ARMEK PLASMA SHELL S3 SHIELD GENERATOR ,3052.7,831.3,937.4,6.99
517.5,50158.5,9,INCOM TECHSCREEN 2 SHIELD GENERATOR ,2530.0,1625.5,1693.5,8.06
620.8,65631.1,10,KUAT SYSTEMS ENGINEERING ELITE SHIELD GENERATOR ,3184.0,1854.3,1756.5,15.59
514.5,20998.8,7,PHASED FULLERINE FX27 DEFLECTOR ARRAY ,3048.8,1487.8,1579.0,9.8
639.6,70333.0,10,CYGNUS ELITE SHIELD GENERATOR ,2772.9,1686.5,1576.9,13.9
688.1,79105.5,10,MON CALAMARI ION-WEB ELITE 2 SHIELDS ,2990.3,2250.2,1911.8,15.38
500.7,58417.5,9,SIENAR FLEET SYSTEMS POLYWEB ADVANCED SHIELD ,3424.5,1334.1,1434.6,13.67
645.7,63325.2,10,CYGNUS ELITE SHIELD GENERATOR ,2969.8,2024.6,1434.9,17.66
818.4,57347.2,10,SOROSUUB ION-MESH PROJECTION SYSTEM ,2697.2,1881.5,1665.2,10.26
897.4,54346.0,10,SOROSUUB ION-MESH PROJECTION SYSTEM ,3129.9,1980.1,1906.6,12.62
605.9,31371.9,8,KOENSAYR DEFLECTOR ADVANCED ,2712.4,1679.8,1433.9,12.77
534.5,58624.6,9,(UNKNOWN MANUFACTURER) PROTON INTERWEAVE SHIELDING SYSTEM ,2809.6,1771.7,1058.7,13.88
869.9,65253.4,10,SOROSUUB ION-MESH PROJECTION SYSTEM ,3365.7,1903.8,1977.5,13.43
688.7,80440.0,10,CYGNUS ELITE SHIELD GENERATOR ,3714.4,2219.0,1876.3,14.14
612.2,72869.9,10,KUAT SYSTEMS ENGINEERING ELITE SHIELD GENERATOR ,3702.0,1419.9,2183.3,14.84
162.0,2628.6,3,HOLOSTEEL X2 SHIELDING SYSTEM ,2644.1,474.4,513.3,2.99
650.6,57772.9,10,CYGNUS ELITE SHIELD GENERATOR ,3764.5,1888.3,2481.7,13.93
404.3,11872.5,6,SIENAR FLEET SYSTEMS LIMITED ADVANCED SHIELDS ,2950.0,1076.4,1150.0,9.12
851.0,58441.2,10,SOROSUUB ION-MESH PROJECTION SYSTEM ,2996.3,1541.9,1553.4,13.27
539.0,45074.4,8,PHASED FULLERINE FX92 ENERGY SHIELD ,3265.9,1557.0,1322.8,11.32
456.5,19845.3,7,KOENSAYR DEFLECTOR M8 ,3282.0,1175.8,1281.0,5.97
538.8,38888.4,8,PHASED FULLERINE FX92 ENERGY SHIELD ,2484.2,1154.4,1478.6,9.34
463.9,21665.6,7,SIENAR FLEET SYSTEMS MODIFIED IMPERIAL SPECIAL FORCES DEFLECTORS ,2899.0,1325.0,1248.3,9.08
480.1,20599.4,7,CYGNUS MARK IV SHIELDS ,3275.0,1039.5,1207.0,9.61
171.1,3869.2,3,SIENAR SYSTEMS ELITE REFLECTOR SYSTEM ,2972.5,495.4,437.0,2.82
449.0,20635.9,7,AIM & BAK HEAVY ,2746.9,1233.8,1335.1,9.1
393.5,15523.0,6,PHASED FULLERINE FX12 SHIELD SYSTEM ,2859.1,1150.8,708.0,8.24
169.1,2897.3,3,SIENAR SYSTEMS EXPERIMENTAL REFLECTOR (UNRELEASED) ,3263.2,368.2,501.8,4.08
314.5,7624.4,5,KUAT SYSTEMS ENGINEERING MARK III DEFLECTOR SHIELDS ,2235.1,863.3,1014.2,5.76
620.2,67671.9,10,KUAT SYSTEMS ENGINEERING ELITE SHIELD GENERATOR ,2510.3,1787.9,1455.9,13.58
537.7,47075.8,9,SIENAR FLEET SYSTEMS MODIFIED POLYWEB ADVANCED DEFLECTORS ,3004.9,917.8,1291.2,11.71
92.5,1503.9,2,KUAT SYSTEMS ENGINEERING ENHANCED MARK I MILITARY SHIELD GENERATOR ,2174.1,268.4,232.0,2.39
97.0,2057.7,2,KUAT SYSTEMS ENGINEERING ENHANCED MARK I MILITARY SHIELD GENERATOR ,2244.7,283.5,289.8,2.03
66.1,1259.8,1,SIENAR SYSTEMS GX ELITE DEFLECTOR ,2466.1,189.4,139.4,1.58
67.7,1302.2,1,SIENAR SYSTEMS GX ELITE DEFLECTOR ,1648.1,144.9,155.2,1.26
170.0,3899.2,3,,2803.9,525.8,460.8,2.54
75.3,1406.3,1,,2287.6,231.9,224.0,1.51
66.8,1285.1,1,SIENAR SYSTEMS GX ELITE DEFLECTOR ,3363.1,226.6,217.0,1.32
89.7,1548.0,2,SIENAR SYSTEMS PROTON SCREEN (MARKETING PROTOTYPE) ,1811.9,256.0,232.7,1.96
148.8,2875.4,3,HOLOSTEEL X2 SHIELDING SYSTEM ,2762.1,367.1,401.6,3.71
99.8,1846.2,2,SIENAR SYSTEMS PROTON SCREEN (MARKETING PROTOTYPE) ,2308.9,271.9,291.5,2.12
78.4,1138.2,1,KUAT SYSTEMS ENGINEERING MARK I MILITARY SHIELD GENERATOR ,1948.7,210.6,261.0,1.46
148.0,2686.1,3,HOLOSTEEL X2 SHIELDING SYSTEM ,2786.6,557.8,577.9,3.14
160.4,3299.8,3,HOLOSTEEL X1 SHIELDING SYSTEM ,2679.7,511.5,591.8,3.55
96.0,1713.3,2,SIENAR SYSTEMS PROTON SCREEN (MARKETING PROTOTYPE) ,2674.4,231.7,189.0,1.88
95.7,2268.5,2,KUAT SYSTEMS ENGINEERING ENHANCED MARK I MILITARY SHIELD GENERATOR ,2023.2,227.9,228.4,1.51
71.6,1337.9,1,SIENAR SYSTEMS GX7 DEFLECTOR ,2791.1,239.5,219.7,1.1
399.7,15073.1,6,PHASED FULLERINE FX12 SHIELD SYSTEM ,3429.6,1197.1,1296.9,7.98
700.9,43543.5,8,AIM & BAK MILITARY-GRADE SHIELD GENERATOR ,2931.0,2733.3,2733.5,11.84
153.4,3387.5,3,HOLOSTEEL X2 SHIELDING SYSTEM ,2293.8,505.2,526.4,3.19
92.4,2055.4,2,KUAT SYSTEMS ENGINEERING ENHANCED MARK I MILITARY SHIELD GENERATOR ,2374.7,223.8,235.0,1.92
215.7,5802.8,4,RENDILI STANDARD DEFLECTOR SHIELD ,3397.5,481.3,572.9,5.25
171.5,2990.9,3,KUAT SYSTEMS ENGINEERING MARK II MILITARY SHIELD GENERATOR ,2663.3,459.2,451.0,3.38
73.8,1110.8,1,SIENAR SYSTEMS GX3 DEFLECTOR ,2768.3,217.7,218.4,1.42
392.0,14172.7,6,KUAT SYSTEMS ENGINEERING MARK IV DEFLECTOR SHIELDS ,3488.7,1245.8,1297.6,9.0
176.5,2729.9,3,SIENAR SYSTEMS EXPERIMENTAL REFLECTOR (UNRELEASED) ,3096.1,478.4,482.9,3.86
94.0,1994.0,2,KUAT SYSTEMS ENGINEERING ENHANCED MARK I MILITARY SHIELD GENERATOR ,2641.5,206.4,221.9,1.99
176.2,3208.0,3,SIENAR SYSTEMS EXPERIMENTAL REFLECTOR (UNRELEASED) ,2619.9,486.4,418.1,4.3
393.2,12385.8,6,SIENAR FLEET SYSTEMS ADVANCED SHIELD ,2515.9,1393.5,946.3,8.73
404.1,11985.5,6,SIENAR FLEET SYSTEMS LIMITED ADVANCED SHIELDS ,2641.9,1269.7,1076.6,8.48
213.9,5053.8,4,SIENAR FLEET SYSTEMS IMPERIAL STANDARD SHIELDS ,2732.7,641.1,640.4,5.44
77.4,817.0,1,CYGNUS MARK I SHIELDS ,2377.9,225.4,213.7,1.9
169.7,2720.6,3,HOLOSTEEL X1 SHIELDING SYSTEM ,2907.6,474.2,418.0,3.22
76.4,1177.5,1,INCOM DEFLECTOR SCREEN MARK2 ,2598.7,162.1,195.5,1.3
404.8,14560.7,6,KOENSAYR DEFLECTOR M6 ,2702.5,1003.8,1269.3,6.35
75.4,1273.0,1,INCOM DEFLECTOR SCREEN MARK2 ,2773.0,263.6,259.2,1.52
258.8,6256.2,4,INCOM K-77 SHIELD GENERATOR ,2680.9,898.5,898.5,4.37
211.7,5604.5,4,AIM & BAK STANDARD SHIELDS ,3679.6,514.8,676.8,3.73
572.7,63918.1,9,ARMEK PLASMA SHELL ELITE SHIELD GENERATOR ,3086.2,1425.9,2047.1,6.98
692.1,75391.7,10,MON CALAMARI ION-WEB ELITE 2 SHIELDS ,3640.9,1636.6,1946.2,18.72
78.6,1445.6,1,MON CALAMARI ION-WEB A DEFLECTOR SHIELDS ,3181.1,209.9,156.6,1.54
506.0,21386.4,7,PHASED FULLERINE FX27 DEFLECTOR ARRAY ,2036.2,1147.0,1343.0,10.04
215.2,3209.7,4,INCOM RAYSHIELD X9 ,2562.6,507.4,572.2,5.15
352.3,15023.7,6,INCOM RAYSHIELD Z5 ,2633.0,1024.2,980.3,7.77
213.5,4817.3,4,CYGNUS MARK II SHIELDS ,2340.2,799.1,557.0,4.49
462.8,23621.0,7,KUAT SYSTEMS ENGINEERING MARK V DEFLECTOR SHIELDS ,2699.4,1079.1,1044.1,10.81
181.0,2999.1,3,KUAT SYSTEMS ENGINEERING MARK II MILITARY SHIELD GENERATOR ,2895.5,464.8,389.0,3.73
87.3,2096.8,2,SIENAR PROTON SCREEN (ABANDONED PROTOTYPE) ,3142.1,239.6,293.6,1.77
73.9,1044.7,1,SIENAR SYSTEMS GX3 DEFLECTOR ,1866.7,190.5,285.2,1.63
444.2,22711.1,7,SIENAR FLEET SYSTEMS IMPERIAL SPECIAL FORCES SHIELDS ,2881.4,1544.0,916.0,8.19
530.1,23090.5,7,PHASED FULLERINE FX27 DEFLECTOR ARRAY ,2556.7,1361.1,1142.5,10.34
72.8,1147.8,1,SIENAR SYSTEMS GX3 DEFLECTOR ,2834.2,198.1,144.5,1.6
462.5,23048.3,7,CYGNUS MARK IV SHIELDS ,2292.1,901.6,612.6,11.6
406.6,12761.1,6,CYGNUS MARK III SHIELDS ,2535.7,822.7,724.8,8.93
75.9,1160.2,1,CYGNUS MARK I SHIELDS ,2261.3,223.8,179.7,1.06
159.5,3462.4,3,HOLOSTEEL X1 SHIELDING SYSTEM ,3234.1,446.6,406.8,4.16
164.8,3262.7,3,HOLOSTEEL X2 SHIELDING SYSTEM ,2486.7,701.0,353.5,3.36
95.3,1678.9,2,KUAT SYSTEMS ENGINEERING ENHANCED MARK I MILITARY SHIELD GENERATOR ,2581.0,249.8,191.9,1.66
71.0,985.4,1,SIENAR SYSTEMS GX7 DEFLECTOR ,2287.1,222.5,200.3,1.89
214.3,6240.9,4,MON CALAMARI STANDARD SHIELD ,2135.8,764.7,644.6,4.36
757.7,36140.0,8,SIENAR FLEET SYSTEMS POLYWEB 6 SHIELD ,3154.6,1250.8,1453.0,11.66
69.2,899.6,1,SIENAR SYSTEMS GX ELITE DEFLECTOR ,3009.5,179.3,213.6,1.13
220.1,5784.7,4,MON CALAMARI STANDARD SHIELD ,2537.1,464.2,519.1,3.84
219.8,5184.4,4,AIM & BAK STANDARD SHIELDS ,2432.7,556.9,690.2,5.62
383.6,12354.5,6,INCOM RAYSHIELD Z5 ,2971.6,1346.6,1125.0,7.38
319.4,7295.3,5,ARMEK PLASMA SHELL S3 SHIELD GENERATOR ,2868.8,911.4,1159.1,6.24
309.9,7488.0,5,ARMEK PLASMA SHELL S3 SHIELD GENERATOR ,3223.8,964.1,934.5,6.55
171.6,3094.9,3,INCOM RAYSHIELD (SECOND-GENERATION EXPERIMENTAL) ,2736.2,482.1,566.2,3.47
570.8,44700.2,9,KOENSAYR MODIFIED DEFLECTOR ADVANCED ,3044.6,1478.6,1310.4,12.32
173.4,2858.6,3,INCOM RAYSHIELD (SECOND-GENERATION EXPERIMENTAL) ,2665.1,402.5,489.4,3.22
310.9,6997.7,5,KUAT SYSTEMS ENGINEERING MARK III DEFLECTOR SHIELDS ,3204.1,604.3,1044.4,6.06
95.2,2092.8,2,SIENAR SYSTEMS PROTON SCREEN (MARKETING PROTOTYPE) ,2319.8,159.4,283.7,2.22
568.7,35438.5,8,KOENSAYR DEFLECTOR ADVANCED ,3396.1,2072.0,1527.7,11.81
172.3,3741.0,3,SIENAR SYSTEMS ELITE REFLECTOR SYSTEM ,3176.6,375.8,464.3,3.89
170.3,4289.4,3,SIENAR SYSTEMS ELITE REFLECTOR SYSTEM ,2741.0,542.6,424.3,3.43
64.9,1146.3,1,SIENAR SYSTEMS GX ELITE DEFLECTOR ,2310.3,174.5,196.4,1.51
221.2,4884.0,4,SIENAR FLEET SYSTEMS IMPERIAL STANDARD SHIELDS ,2411.7,532.7,742.8,5.17
93.6,2174.1,2,SIENAR SYSTEMS PROTON SCREEN (MARKETING PROTOTYPE) ,2718.8,270.9,253.6,1.91
67.3,1116.0,1,SIENAR SYSTEMS GX ELITE DEFLECTOR ,2536.3,231.4,204.9,1.4
173.4,3997.5,3,SIENAR SYSTEMS ELITE REFLECTOR SYSTEM ,3424.1,398.0,491.9,3.32
209.0,4695.1,4,SIENAR FLEET SYSTEMS DELUXE IMPERIAL STANDARD SHIELDS ,2813.1,464.4,428.3,4.54
633.1,56119.0,10,CYGNUS ELITE SHIELD GENERATOR ,2880.6,1853.6,1611.4,15.08
324.8,8363.8,5,CYGNUS IMPROVED MARK II SHIELDS ,3208.4,786.2,881.2,7.95
388.3,14169.4,6,INCOM RAYSHIELD Z5 ,2344.5,1014.9,1181.1,8.72
697.4,59474.5,10,INCOM TECHSCREEN ELITE SHIELD GENERATOR ,2467.4,2246.2,1916.6,13.34
475.7,15958.5,7,KOENSAYR DEFLECTOR M8 ,3249.3,1099.8,1278.6,10.68
313.9,6455.7,5,KOENSAYR DEFLECTOR M3 ,2666.2,770.4,858.0,5.07
513.2,16510.0,6,ARMEK PLASMA SHELL S6 SHIELD GENERATOR ,2721.9,808.2,1198.1,7.64
75.2,1161.4,1,(UNKNOWN) DUAL DEFLECTOR SYSTEM ,2419.6,206.1,243.5,1.69
462.3,18942.9,7,INCOM RAYSHIELD ADVANCED ,2679.3,1330.5,1127.9,8.43
611.8,31661.3,8,MANDALMOTORS FLEXSHIELD KX-1 SHIELDS ,3511.6,1844.8,1705.5,13.05
507.3,15731.7,6,ARMEK PLASMA SHELL S6 SHIELD GENERATOR ,2843.8,1286.0,1255.2,7.02
563.5,28629.2,8,MON CALAMARI ION-WEB ADVANCED SHIELDS ,2802.1,1505.6,1674.0,13.41
583.7,29809.1,8,KOENSAYR DEFLECTOR ADVANCED ,4009.7,1416.8,1812.5,12.88
445.9,22414.2,7,AIM & BAK HEAVY ,2790.2,1170.7,676.6,8.82
889.4,64667.2,10,SOROSUUB ION-MESH PROJECTION SYSTEM ,3791.1,1826.4,1265.3,12.88
322.8,8821.2,5,MANDALMOTORS FLEXSHIELD KS-18 ,3915.2,913.8,786.8,6.92
696.8,68116.1,10,GALLOFREE DEFENDER ELITE SHIELD GENERATOR ,3537.4,1889.9,2140.7,12.21
594.5,30837.3,8,SIENAR FLEET SYSTEMS POLYWEB 4 SHIELD ,2596.0,1687.8,1592.3,10.28
569.4,41218.2,8,MON CALAMARI ION-WEB ADVANCED SHIELDS ,3014.2,1171.0,1190.1,12.32
575.1,31373.4,8,SIENAR FLEET SYSTEMS POLYWEB 4 SHIELD ,2800.9,1849.0,1745.3,13.17
592.5,33027.8,8,MON CALAMARI ION-WEB ADVANCED SHIELDS ,1813.1,1526.7,1196.0,11.24
622.4,62723.8,10,KUAT SYSTEMS ENGINEERING ELITE SHIELD GENERATOR ,2433.1,2367.4,1953.4,12.51
901.0,56433.3,10,SOROSUUB ION-MESH PROJECTION SYSTEM ,2179.5,1631.8,1500.6,11.4
164.2,3307.3,3,HOLOSTEEL X1 SHIELDING SYSTEM ,2044.7,409.0,419.5,4.03
387.3,15529.0,6,KUAT SYSTEMS ENGINEERING MARK IV DEFLECTOR SHIELDS ,2813.3,1336.9,1093.4,10.46
594.3,37964.5,7,PROTECTO-NET SHIELD ,3128.8,2045.1,1505.0,13.57
385.1,12175.2,6,SIENAR FLEET SYSTEMS LIMITED ADVANCED SHIELDS ,2937.5,955.9,977.9,9.44
466.9,22295.1,7,KOENSAYR DEFLECTOR M8 ,3600.7,1117.3,1202.9,9.13
547.3,50586.8,9,KUAT SYSTEMS ENGINEERING MARK VII DEFLECTOR SHIELDS ,2759.0,1319.5,1649.6,12.31
591.0,35951.6,8,MANDALMOTORS FLEXSHIELD KX-1 SHIELDS ,2967.2,1820.7,1723.1,12.1
702.8,54672.1,9,AIM & BAK ENHANCED ADVANCED ,3032.9,1100.1,1529.7,9.75
575.1,38236.1,8,MANDALMOTORS FLEXSHIELD KX-1 SHIELDS ,2941.6,1902.0,1384.1,11.85
458.0,23939.3,7,CYGNUS MARK IV SHIELDS ,2378.7,1419.3,1415.3,9.73
663.3,52317.5,9,AIM & BAK ENHANCED ADVANCED ,3130.3,835.4,1356.2,10.61
654.5,66228.5,10,CYGNUS ELITE SHIELD GENERATOR ,2593.7,1290.8,2104.4,11.67
94.6,2038.4,2,,2634.8,243.4,245.2,1.97
73.8,1257.0,1,,3731.5,173.6,225.6,1.86
167.7,2886.9,3,,2502.1,474.1,471.4,3.74
172.4,2765.0,3,,3191.0,572.6,626.1,3.71
75.5,1053.0,1,,2901.1,240.3,212.0,1.44
541.6,53331.6,9,,2780.0,1796.1,1602.8,11.09
569.2,33874.7,8,KUAT SYSTEMS ENGINEERING MARK VI DEFLECTOR SHIELDS ,2435.6,1982.6,1482.4,11.08
670.6,78271.1,10,KOENSAYR DEFLECTOR ELITE ,3132.1,1894.1,2162.1,14.65
466.4,16460.3,7,MANDALMOTORS FLEXSHIELD KS-7 SHIELDS ,3259.0,1161.2,1232.0,8.52
698.5,57612.8,10,MON CALAMARI ION-WEB ELITE 2 SHIELDS ,2400.2,2034.3,2048.6,22.01
679.6,60270.6,10,MON CALAMARI ION-WEB ELITE 2 SHIELDS ,3116.7,1902.0,1148.3,20.3
708.6,60667.8,10,ARMEK PLASMA SHELL ELITE 2 SHIELD GENERATOR ,2927.4,2115.3,1367.1,13.82
172.7,2962.9,3,INCOM RAYSHIELD X5 PROTOTYPE ,1650.8,397.0,604.1,2.89
565.8,33260.6,8,MON CALAMARI ION-WEB ADVANCED SHIELDS ,3197.2,1782.7,1404.4,14.26
690.0,58789.5,10,ARMEK PLASMA SHELL ELITE 2 SHIELD GENERATOR ,3413.1,2254.1,1415.5,12.19
696.5,67437.7,10,AIM & BAK ELITE ,2434.6,1958.5,1985.9,17.86
697.1,69227.7,10,INCOM TECHSCREEN ELITE SHIELD GENERATOR ,2591.0,1450.7,2006.3,12.69
494.1,16154.6,6,ARMEK PLASMA SHELL S6 SHIELD GENERATOR ,3148.1,1183.9,891.1,7.6
74.4,1238.1,1,INCOM DEFLECTOR SCREEN MARK2 ,2367.6,243.7,197.4,1.25
539.6,54139.5,9,KUAT SYSTEMS ENGINEERING MARK VII DEFLECTOR SHIELDS ,2943.9,1535.4,1733.4,10.19
178.3,2853.0,3,KUAT SYSTEMS ENGINEERING MARK II MILITARY SHIELD GENERATOR ,2862.6,582.9,420.2,3.69
316.3,6316.7,5,MANDALMOTORS FLEXSHIELD KS-5 SHIELDS ,3190.7,629.3,1093.3,7.17
449.0,18167.1,7,MANDALMOTORS FLEXSHIELD KS-7 SHIELDS ,3404.6,1303.3,1326.6,8.28
91.2,1843.1,2,KOENSAYR IMPROVED DEFLECTOR SHIELD M1 ,2470.0,277.7,283.2,2.53
179.3,3039.1,3,KUAT SYSTEMS ENGINEERING MARK II MILITARY SHIELD GENERATOR ,2716.8,472.5,436.4,3.5
166.1,3083.7,3,HOLOSTEEL X1 SHIELDING SYSTEM ,3691.1,574.1,488.2,3.63
89.6,1903.6,2,KOENSAYR IMPROVED DEFLECTOR SHIELD M1 ,2433.8,276.5,277.4,1.81
321.1,7051.0,5,MANDALMOTORS FLEXSHIELD KS-5 SHIELDS ,2460.4,1067.3,791.9,6.52
630.3,62594.6,10,CYGNUS ELITE SHIELD GENERATOR ,2508.0,2322.3,1919.7,16.73
661.4,66429.8,10,GALLOFREE DEFENDER ELITE SHIELD GENERATOR ,2837.6,1619.9,2051.6,15.43
584.8,37851.0,8,KOENSAYR DEFLECTOR ADVANCED ,2917.0,1431.4,1810.0,12.75
328.9,6531.9,5,MANDALMOTORS FLEXSHIELD KS-18 ,2148.7,680.2,683.0,7.27
555.3,72018.8,9,(EXPERIMENTAL) INTERLACED GRAVITON PROTECTION GRID ,2084.8,1792.9,1511.9,12.06
388.0,11874.3,6,INCOM RAYSHIELD Z7 ,2510.2,1147.4,962.3,6.7
305.6,8464.3,5,ARMEK PLASMA SHELL S3 SHIELD GENERATOR ,2729.8,834.4,1111.9,7.29
551.7,60545.9,9,MON CALAMARI ION-WEB ELITE SHIELDS ,3924.2,1389.7,1606.0,12.37
91.6,1916.6,2,,2037.7,266.4,284.2,2.02
221.9,5358.9,4,,3282.2,649.9,375.4,4.55
94.8,2069.6,2,,2429.6,201.6,207.9,1.77
509.5,14750.3,6,,3380.1,962.9,720.9,6.3
218.2,4427.0,4,,3127.0,504.9,725.7,3.82
215.2,5244.9,4,,2821.9,417.4,546.5,5.01
171.4,2991.0,3,,2152.7,449.7,529.3,2.82
74.2,1008.5,1,,2191.7,207.5,214.0,1.63
76.6,986.0,1,,2505.5,182.5,219.4,1.9
239.3,6883.1,4,,2828.5,301.3,686.6,4.36
174.8,2772.6,3,,2677.1,533.8,262.4,3.3
76.2,1002.5,1,,2768.0,157.5,157.8,1.47
173.7,2944.7,3,,2798.9,493.4,503.0,3.48
91.6,1916.6,2,,2037.7,266.4,284.2,2.02
221.9,5358.9,4,,3282.2,649.9,375.4,4.55
94.8,2069.6,2,,2429.6,201.6,207.9,1.77
509.5,14750.3,6,,3380.1,962.9,720.9,6.3
218.2,4427.0,4,,3127.0,504.9,725.7,3.82
215.2,5244.9,4,,2821.9,417.4,546.5,5.01
171.4,2991.0,3,,2152.7,449.7,529.3,2.82
74.2,1008.5,1,,2191.7,207.5,214.0,1.63
76.6,986.0,1,,2505.5,182.5,219.4,1.9
